"Date","Spot exchange rate, Euro into Sterling                          XUDLERS"
"02 Nov 22","1.1611"
"01 Nov 22","1.161"
"31 Oct 22","1.1648"
"28 Oct 22","1.165"
"27 Oct 22","1.1583"
"26 Oct 22","1.1545"
"25 Oct 22","1.1507"
"24 Oct 22","1.1446"
"21 Oct 22","1.1412"
"20 Oct 22","1.1502"
"19 Oct 22","1.1503"
"18 Oct 22","1.1494"
"17 Oct 22","1.1648"
"14 Oct 22","1.1537"
"13 Oct 22","1.1567"
"12 Oct 22","1.1413"
"11 Oct 22","1.1416"
"10 Oct 22","1.1386"
"07 Oct 22","1.1367"
"06 Oct 22","1.1379"
"05 Oct 22","1.141"
"04 Oct 22","1.1453"
"03 Oct 22","1.1494"
"30 Sep 22","1.1404"
"29 Sep 22","1.1298"
"28 Sep 22","1.1159"
"27 Sep 22","1.1197"
"26 Sep 22","1.1182"
"23 Sep 22","1.1228"
"22 Sep 22","1.1476"
"21 Sep 22","1.1472"
"20 Sep 22","1.1422"
"16 Sep 22","1.1396"
"15 Sep 22","1.1495"
"14 Sep 22","1.1581"
"13 Sep 22","1.1524"
"12 Sep 22","1.1554"
"09 Sep 22","1.1535"
"08 Sep 22","1.1541"
"07 Sep 22","1.1526"
"06 Sep 22","1.1641"
"05 Sep 22","1.16"
"02 Sep 22","1.1554"
"01 Sep 22","1.16"
"31 Aug 22","1.1574"
"30 Aug 22","1.1644"
"26 Aug 22","1.1774"
"25 Aug 22","1.1849"
"24 Aug 22","1.183"
"23 Aug 22","1.1869"
"22 Aug 22","1.1829"
"19 Aug 22","1.1756"
"18 Aug 22","1.185"
"17 Aug 22","1.1852"
"16 Aug 22","1.1882"
"15 Aug 22","1.185"
"12 Aug 22","1.1826"
"11 Aug 22","1.1818"
"10 Aug 22","1.1838"
"09 Aug 22","1.1824"
"08 Aug 22","1.1862"
"05 Aug 22","1.1864"
"04 Aug 22","1.1861"
"03 Aug 22","1.1957"
"02 Aug 22","1.1978"
"01 Aug 22","1.1957"
"29 Jul 22","1.1928"
"28 Jul 22","1.1959"
"27 Jul 22","1.1887"
"26 Jul 22","1.1888"
"25 Jul 22","1.1788"
"22 Jul 22","1.1769"
"21 Jul 22","1.1723"
"20 Jul 22","1.1748"
"19 Jul 22","1.1738"
"18 Jul 22","1.1796"
"15 Jul 22","1.176"
"14 Jul 22","1.179"
"13 Jul 22","1.1822"
"12 Jul 22","1.1829"
"11 Jul 22","1.1785"
"08 Jul 22","1.1821"
"07 Jul 22","1.1798"
"06 Jul 22","1.1685"
"05 Jul 22","1.1634"
"04 Jul 22","1.1625"
"01 Jul 22","1.1549"
"30 Jun 22","1.1618"
"29 Jun 22","1.1568"
"28 Jun 22","1.1602"
"27 Jun 22","1.161"
"24 Jun 22","1.1654"
"23 Jun 22","1.1575"
"22 Jun 22","1.1648"
"21 Jun 22","1.1624"
"20 Jun 22","1.163"
"17 Jun 22","1.1648"
"16 Jun 22","1.1695"
"15 Jun 22","1.159"
"14 Jun 22","1.1528"
"13 Jun 22","1.1641"
"10 Jun 22","1.172"
"09 Jun 22","1.1777"
"08 Jun 22","1.1694"
"07 Jun 22","1.175"
"06 Jun 22","1.1716"
"01 Jun 22","1.1715"
"31 May 22","1.1763"
"30 May 22","1.1732"
"27 May 22","1.1778"
"26 May 22","1.1731"
"25 May 22","1.1748"
"24 May 22","1.1676"
"23 May 22","1.1783"
"20 May 22","1.1808"
"19 May 22","1.1795"
"18 May 22","1.181"
"17 May 22","1.1837"
"16 May 22","1.1775"
"13 May 22","1.1757"
"12 May 22","1.1743"
"11 May 22","1.17"
"10 May 22","1.1679"
"09 May 22","1.1688"
"06 May 22","1.1671"
"05 May 22","1.1747"
"04 May 22","1.1851"
"03 May 22","1.1872"
"29 Apr 22","1.1904"
"28 Apr 22","1.1829"
"27 Apr 22","1.1891"
"26 Apr 22","1.185"
"25 Apr 22","1.1876"
"22 Apr 22","1.1916"
"21 Apr 22","1.2018"
"20 Apr 22","1.2009"
"19 Apr 22","1.2043"
"14 Apr 22","1.2106"
"13 Apr 22","1.2019"
"12 Apr 22","1.1989"
"11 Apr 22","1.1971"
"08 Apr 22","1.1964"
"07 Apr 22","1.1976"
"06 Apr 22","1.1992"
"05 Apr 22","1.2001"
"04 Apr 22","1.1928"
"01 Apr 22","1.1876"
"31 Mar 22","1.1835"
"30 Mar 22","1.1801"
"29 Mar 22","1.1835"
"28 Mar 22","1.1929"
"25 Mar 22","1.2009"
"24 Mar 22","1.1979"
"23 Mar 22","1.201"
"22 Mar 22","1.203"
"21 Mar 22","1.1953"
"18 Mar 22","1.1922"
"17 Mar 22","1.1844"
"16 Mar 22","1.1911"
"15 Mar 22","1.1908"
"14 Mar 22","1.1884"
"11 Mar 22","1.1932"
"10 Mar 22","1.1916"
"09 Mar 22","1.1913"
"08 Mar 22","1.2054"
"07 Mar 22","1.2077"
"04 Mar 22","1.2105"
"03 Mar 22","1.206"
"02 Mar 22","1.203"
"01 Mar 22","1.1986"
"28 Feb 22","1.1949"
"25 Feb 22","1.1931"
"24 Feb 22","1.1949"
"23 Feb 22","1.1974"
"22 Feb 22","1.199"
"21 Feb 22","1.2003"
"18 Feb 22","1.1978"
"17 Feb 22","1.198"
"16 Feb 22","1.1949"
"15 Feb 22","1.1907"
"14 Feb 22","1.1952"
"11 Feb 22","1.193"
"10 Feb 22","1.1873"
"09 Feb 22","1.1853"
"08 Feb 22","1.187"
"07 Feb 22","1.1823"
"04 Feb 22","1.1825"
"03 Feb 22","1.192"
"02 Feb 22","1.2002"
"01 Feb 22","1.201"
"31 Jan 22","1.197"
"28 Jan 22","1.2015"
"27 Jan 22","1.201"
"26 Jan 22","1.198"
"25 Jan 22","1.1961"
"24 Jan 22","1.1906"
"21 Jan 22","1.1944"
"20 Jan 22","1.2033"
"19 Jan 22","1.1977"
"18 Jan 22","1.1973"
"17 Jan 22","1.1968"
"14 Jan 22","1.1967"
"13 Jan 22","1.1983"
"12 Jan 22","1.1984"
"11 Jan 22","1.1997"
"10 Jan 22","1.198"
"07 Jan 22","1.196"
"06 Jan 22","1.1975"
"05 Jan 22","1.1965"
"04 Jan 22","1.1984"
"31 Dec 21","1.1907"
"30 Dec 21","1.1913"
"29 Dec 21","1.1882"
"24 Dec 21","1.1841"
"23 Dec 21","1.1858"
"22 Dec 21","1.1787"
"21 Dec 21","1.1748"
"20 Dec 21","1.1711"
"17 Dec 21","1.1764"
"16 Dec 21","1.1789"
"15 Dec 21","1.1744"
"14 Dec 21","1.1739"
"13 Dec 21","1.1734"
"10 Dec 21","1.1703"
"09 Dec 21","1.1703"
"08 Dec 21","1.1662"
"07 Dec 21","1.1769"
"06 Dec 21","1.1741"
"03 Dec 21","1.172"
"02 Dec 21","1.1757"
"01 Dec 21","1.1748"
"30 Nov 21","1.1752"
"29 Nov 21","1.18"
"26 Nov 21","1.1783"
"25 Nov 21","1.1881"
"24 Nov 21","1.1906"
"23 Nov 21","1.187"
"22 Nov 21","1.1915"
"19 Nov 21","1.1894"
"18 Nov 21","1.1876"
"17 Nov 21","1.1907"
"16 Nov 21","1.1825"
"15 Nov 21","1.176"
"12 Nov 21","1.1703"
"11 Nov 21","1.1676"
"10 Nov 21","1.1698"
"09 Nov 21","1.1697"
"08 Nov 21","1.1703"
"05 Nov 21","1.1677"
"04 Nov 21","1.1686"
"03 Nov 21","1.1791"
"02 Nov 21","1.1753"
"01 Nov 21","1.18"
"29 Oct 21","1.1845"
"28 Oct 21","1.1816"
"27 Oct 21","1.1825"
"26 Oct 21","1.1889"
"25 Oct 21","1.1859"
"22 Oct 21","1.1827"
"21 Oct 21","1.1867"
"20 Oct 21","1.1861"
"19 Oct 21","1.1851"
"18 Oct 21","1.1826"
"15 Oct 21","1.1864"
"14 Oct 21","1.1806"
"13 Oct 21","1.1779"
"12 Oct 21","1.1778"
"11 Oct 21","1.1775"
"08 Oct 21","1.1783"
"07 Oct 21","1.1783"
"06 Oct 21","1.1755"
"05 Oct 21","1.1752"
"04 Oct 21","1.1704"
"01 Oct 21","1.1676"
"30 Sep 21","1.1635"
"29 Sep 21","1.1559"
"28 Sep 21","1.1596"
"27 Sep 21","1.1716"
"24 Sep 21","1.1673"
"23 Sep 21","1.1699"
"22 Sep 21","1.1628"
"21 Sep 21","1.1637"
"20 Sep 21","1.1656"
"17 Sep 21","1.1715"
"16 Sep 21","1.1719"
"15 Sep 21","1.17"
"14 Sep 21","1.1715"
"13 Sep 21","1.1726"
"10 Sep 21","1.1709"
"09 Sep 21","1.1716"
"08 Sep 21","1.163"
"07 Sep 21","1.1636"
"06 Sep 21","1.1656"
"03 Sep 21","1.1675"
"02 Sep 21","1.1656"
"01 Sep 21","1.163"
"31 Aug 21","1.1658"
"27 Aug 21","1.1662"
"26 Aug 21","1.1668"
"25 Aug 21","1.1685"
"24 Aug 21","1.1677"
"23 Aug 21","1.1687"
"20 Aug 21","1.1656"
"19 Aug 21","1.1692"
"18 Aug 21","1.1746"
"17 Aug 21","1.1725"
"16 Aug 21","1.1756"
"13 Aug 21","1.1791"
"12 Aug 21","1.1795"
"11 Aug 21","1.1814"
"10 Aug 21","1.1815"
"09 Aug 21","1.1791"
"06 Aug 21","1.1794"
"05 Aug 21","1.1769"
"04 Aug 21","1.1744"
"03 Aug 21","1.1714"
"02 Aug 21","1.1701"
"30 Jul 21","1.1727"
"29 Jul 21","1.1759"
"28 Jul 21","1.1755"
"27 Jul 21","1.1739"
"26 Jul 21","1.1707"
"23 Jul 21","1.169"
"22 Jul 21","1.1667"
"21 Jul 21","1.1599"
"20 Jul 21","1.1564"
"19 Jul 21","1.1578"
"16 Jul 21","1.168"
"15 Jul 21","1.1731"
"14 Jul 21","1.1734"
"13 Jul 21","1.1708"
"12 Jul 21","1.1707"
"09 Jul 21","1.1664"
"08 Jul 21","1.1609"
"07 Jul 21","1.1676"
"06 Jul 21","1.1671"
"05 Jul 21","1.1668"
"02 Jul 21","1.1638"
"01 Jul 21","1.1615"
"30 Jun 21","1.165"
"29 Jun 21","1.1622"
"28 Jun 21","1.1637"
"25 Jun 21","1.1643"
"24 Jun 21","1.1651"
"23 Jun 21","1.1691"
"22 Jun 21","1.1695"
"21 Jun 21","1.1673"
"18 Jun 21","1.1645"
"17 Jun 21","1.1684"
"16 Jun 21","1.1643"
"15 Jun 21","1.1616"
"14 Jun 21","1.1642"
"11 Jun 21","1.1662"
"10 Jun 21","1.1618"
"09 Jun 21","1.1593"
"08 Jun 21","1.1612"
"07 Jun 21","1.1626"
"04 Jun 21","1.1651"
"03 Jun 21","1.1635"
"02 Jun 21","1.1604"
"01 Jun 21","1.1573"
"28 May 21","1.1638"
"27 May 21","1.1625"
"26 May 21","1.157"
"25 May 21","1.154"
"24 May 21","1.1587"
"21 May 21","1.1622"
"20 May 21","1.1589"
"19 May 21","1.1579"
"18 May 21","1.163"
"17 May 21","1.1625"
"14 May 21","1.161"
"13 May 21","1.1633"
"12 May 21","1.1674"
"11 May 21","1.163"
"10 May 21","1.1626"
"07 May 21","1.1513"
"06 May 21","1.1516"
"05 May 21","1.1587"
"04 May 21","1.1537"
"30 Apr 21","1.15"
"29 Apr 21","1.1514"
"28 Apr 21","1.1503"
"27 Apr 21","1.1519"
"26 Apr 21","1.15"
"23 Apr 21","1.1487"
"22 Apr 21","1.1517"
"21 Apr 21","1.158"
"20 Apr 21","1.1578"
"19 Apr 21","1.1634"
"16 Apr 21","1.1534"
"15 Apr 21","1.1524"
"14 Apr 21","1.1515"
"13 Apr 21","1.1513"
"12 Apr 21","1.1543"
"09 Apr 21","1.1548"
"08 Apr 21","1.154"
"07 Apr 21","1.1585"
"06 Apr 21","1.1706"
"01 Apr 21","1.1751"
"31 Mar 21","1.1739"
"30 Mar 21","1.1691"
"29 Mar 21","1.1707"
"26 Mar 21","1.1691"
"25 Mar 21","1.1653"
"24 Mar 21","1.1598"
"23 Mar 21","1.1618"
"22 Mar 21","1.1612"
"19 Mar 21","1.1648"
"18 Mar 21","1.1689"
"17 Mar 21","1.1667"
"16 Mar 21","1.168"
"15 Mar 21","1.1633"
"12 Mar 21","1.1638"
"11 Mar 21","1.1681"
"10 Mar 21","1.1688"
"09 Mar 21","1.1689"
"08 Mar 21","1.1648"
"05 Mar 21","1.1604"
"04 Mar 21","1.162"
"03 Mar 21","1.1575"
"02 Mar 21","1.1563"
"01 Mar 21","1.1566"
"26 Feb 21","1.1513"
"25 Feb 21","1.1565"
"24 Feb 21","1.1633"
"23 Feb 21","1.16"
"22 Feb 21","1.1577"
"19 Feb 21","1.1552"
"18 Feb 21","1.1553"
"17 Feb 21","1.1513"
"16 Feb 21","1.1492"
"15 Feb 21","1.1467"
"12 Feb 21","1.1427"
"11 Feb 21","1.1401"
"10 Feb 21","1.1413"
"09 Feb 21","1.1404"
"08 Feb 21","1.1405"
"05 Feb 21","1.1414"
"04 Feb 21","1.1402"
"03 Feb 21","1.136"
"02 Feb 21","1.1331"
"01 Feb 21","1.1308"
"29 Jan 21","1.13"
"28 Jan 21","1.1317"
"27 Jan 21","1.1335"
"26 Jan 21","1.1294"
"25 Jan 21","1.127"
"22 Jan 21","1.123"
"21 Jan 21","1.1299"
"20 Jan 21","1.1259"
"19 Jan 21","1.1228"
"18 Jan 21","1.1242"
"15 Jan 21","1.1234"
"14 Jan 21","1.1272"
"13 Jan 21","1.121"
"12 Jan 21","1.1202"
"11 Jan 21","1.1103"
"08 Jan 21","1.1088"
"07 Jan 21","1.1048"
"06 Jan 21","1.1032"
"05 Jan 21","1.1074"
"04 Jan 21","1.1065"
"31 Dec 20","1.1118"
"30 Dec 20","1.1063"
"29 Dec 20","1.1022"
"24 Dec 20","1.1142"
"23 Dec 20","1.1095"
"22 Dec 20","1.0945"
"21 Dec 20","1.0902"
"18 Dec 20","1.1022"
"17 Dec 20","1.1098"
"16 Dec 20","1.1073"
"15 Dec 20","1.106"
"14 Dec 20","1.0991"
"11 Dec 20","1.0916"
"10 Dec 20","1.0946"
"09 Dec 20","1.1088"
"08 Dec 20","1.103"
"07 Dec 20","1.0972"
"04 Dec 20","1.1098"
"03 Dec 20","1.11"
"02 Dec 20","1.1032"
"01 Dec 20","1.1104"
"30 Nov 20","1.116"
"27 Nov 20","1.1171"
"26 Nov 20","1.1198"
"25 Nov 20","1.1241"
"24 Nov 20","1.1247"
"23 Nov 20","1.125"
"20 Nov 20","1.1207"
"19 Nov 20","1.1171"
"18 Nov 20","1.1201"
"17 Nov 20","1.1165"
"16 Nov 20","1.1132"
"13 Nov 20","1.1133"
"12 Nov 20","1.1117"
"11 Nov 20","1.1224"
"10 Nov 20","1.1208"
"09 Nov 20","1.1118"
"06 Nov 20","1.1079"
"05 Nov 20","1.1088"
"04 Nov 20","1.1095"
"03 Nov 20","1.114"
"02 Nov 20","1.1092"
"30 Oct 20","1.1104"
"29 Oct 20","1.1068"
"28 Oct 20","1.1058"
"27 Oct 20","1.1043"
"26 Oct 20","1.1019"
"23 Oct 20","1.1022"
"22 Oct 20","1.1072"
"21 Oct 20","1.1085"
"20 Oct 20","1.0955"
"19 Oct 20","1.1031"
"16 Oct 20","1.1033"
"15 Oct 20","1.1031"
"14 Oct 20","1.1091"
"13 Oct 20","1.1057"
"12 Oct 20","1.1064"
"09 Oct 20","1.0999"
"08 Oct 20","1.1004"
"07 Oct 20","1.0964"
"06 Oct 20","1.0997"
"05 Oct 20","1.1003"
"02 Oct 20","1.1039"
"01 Oct 20","1.0964"
"30 Sep 20","1.1023"
"29 Sep 20","1.0947"
"28 Sep 20","1.1029"
"25 Sep 20","1.0935"
"24 Sep 20","1.0923"
"23 Sep 20","1.0938"
"22 Sep 20","1.0868"
"21 Sep 20","1.0896"
"18 Sep 20","1.0928"
"17 Sep 20","1.0954"
"16 Sep 20","1.098"
"15 Sep 20","1.0846"
"14 Sep 20","1.0852"
"11 Sep 20","1.0805"
"10 Sep 20","1.0837"
"09 Sep 20","1.1006"
"08 Sep 20","1.1044"
"07 Sep 20","1.1142"
"04 Sep 20","1.1197"
"03 Sep 20","1.1215"
"02 Sep 20","1.1236"
"01 Sep 20","1.1248"
"28 Aug 20","1.1205"
"27 Aug 20","1.1188"
"26 Aug 20","1.1163"
"25 Aug 20","1.1095"
"24 Aug 20","1.1064"
"21 Aug 20","1.1098"
"20 Aug 20","1.1099"
"19 Aug 20","1.1081"
"18 Aug 20","1.1093"
"17 Aug 20","1.1038"
"14 Aug 20","1.1083"
"13 Aug 20","1.1061"
"12 Aug 20","1.1061"
"11 Aug 20","1.1124"
"10 Aug 20","1.1124"
"07 Aug 20","1.1071"
"06 Aug 20","1.1091"
"05 Aug 20","1.1059"
"04 Aug 20","1.1106"
"03 Aug 20","1.1104"
"31 Jul 20","1.1096"
"30 Jul 20","1.1063"
"29 Jul 20","1.1011"
"28 Jul 20","1.1038"
"27 Jul 20","1.0951"
"24 Jul 20","1.1"
"23 Jul 20","1.0992"
"22 Jul 20","1.0982"
"21 Jul 20","1.1097"
"20 Jul 20","1.1055"
"17 Jul 20","1.0974"
"16 Jul 20","1.102"
"15 Jul 20","1.1055"
"14 Jul 20","1.0993"
"13 Jul 20","1.1101"
"10 Jul 20","1.1187"
"09 Jul 20","1.117"
"08 Jul 20","1.1118"
"07 Jul 20","1.1143"
"06 Jul 20","1.1052"
"03 Jul 20","1.1092"
"02 Jul 20","1.1102"
"01 Jul 20","1.1063"
"30 Jun 20","1.1002"
"29 Jun 20","1.0908"
"26 Jun 20","1.0997"
"25 Jun 20","1.1063"
"24 Jun 20","1.1042"
"23 Jun 20","1.105"
"22 Jun 20","1.1063"
"19 Jun 20","1.1056"
"18 Jun 20","1.1069"
"17 Jun 20","1.1178"
"16 Jun 20","1.1177"
"15 Jun 20","1.1145"
"12 Jun 20","1.115"
"11 Jun 20","1.111"
"10 Jun 20","1.1237"
"09 Jun 20","1.1205"
"08 Jun 20","1.1237"
"05 Jun 20","1.1248"
"04 Jun 20","1.1112"
"03 Jun 20","1.1229"
"02 Jun 20","1.1229"
"01 Jun 20","1.1207"
"29 May 20","1.1118"
"28 May 20","1.1146"
"27 May 20","1.1131"
"26 May 20","1.1252"
"22 May 20","1.1194"
"21 May 20","1.1164"
"20 May 20","1.1162"
"19 May 20","1.119"
"18 May 20","1.123"
"15 May 20","1.1208"
"14 May 20","1.1283"
"13 May 20","1.128"
"12 May 20","1.1338"
"11 May 20","1.1416"
"07 May 20","1.14"
"06 May 20","1.1449"
"05 May 20","1.1488"
"04 May 20","1.1378"
"01 May 20","1.1399"
"30 Apr 20","1.1515"
"29 Apr 20","1.1459"
"28 Apr 20","1.1476"
"27 Apr 20","1.1447"
"24 Apr 20","1.1409"
"23 Apr 20","1.1438"
"22 Apr 20","1.1385"
"21 Apr 20","1.1302"
"20 Apr 20","1.1463"
"17 Apr 20","1.1483"
"16 Apr 20","1.1473"
"15 Apr 20","1.1463"
"14 Apr 20","1.148"
"09 Apr 20","1.1401"
"08 Apr 20","1.1396"
"07 Apr 20","1.1306"
"06 Apr 20","1.1364"
"03 Apr 20","1.1352"
"02 Apr 20","1.1392"
"01 Apr 20","1.1374"
"31 Mar 20","1.1306"
"30 Mar 20","1.1258"
"27 Mar 20","1.1176"
"26 Mar 20","1.1009"
"25 Mar 20","1.0859"
"24 Mar 20","1.0915"
"23 Mar 20","1.0681"
"20 Mar 20","1.0991"
"19 Mar 20","1.0896"
"18 Mar 20","1.0858"
"17 Mar 20","1.0953"
"16 Mar 20","1.1024"
"13 Mar 20","1.1207"
"12 Mar 20","1.1317"
"11 Mar 20","1.1424"
"10 Mar 20","1.1402"
"09 Mar 20","1.1479"
"06 Mar 20","1.152"
"05 Mar 20","1.155"
"04 Mar 20","1.1511"
"03 Mar 20","1.1465"
"02 Mar 20","1.1454"
"28 Feb 20","1.163"
"27 Feb 20","1.172"
"26 Feb 20","1.1888"
"25 Feb 20","1.1979"
"24 Feb 20","1.1905"
"21 Feb 20","1.1942"
"20 Feb 20","1.1924"
"19 Feb 20","1.2001"
"18 Feb 20","1.2046"
"17 Feb 20","1.2009"
"14 Feb 20","1.2001"
"13 Feb 20","1.2036"
"12 Feb 20","1.1909"
"11 Feb 20","1.186"
"10 Feb 20","1.183"
"07 Feb 20","1.1804"
"06 Feb 20","1.1779"
"05 Feb 20","1.1801"
"04 Feb 20","1.18"
"03 Feb 20","1.177"
"31 Jan 20","1.1897"
"30 Jan 20","1.187"
"29 Jan 20","1.182"
"28 Jan 20","1.1803"
"27 Jan 20","1.1855"
"24 Jan 20","1.1852"
"23 Jan 20","1.1876"
"22 Jan 20","1.1864"
"21 Jan 20","1.1766"
"20 Jan 20","1.1726"
"17 Jan 20","1.1743"
"16 Jan 20","1.1729"
"15 Jan 20","1.1677"
"14 Jan 20","1.1698"
"13 Jan 20","1.1658"
"10 Jan 20","1.1754"
"09 Jan 20","1.1754"
"08 Jan 20","1.1781"
"07 Jan 20","1.1778"
"06 Jan 20","1.1761"
"03 Jan 20","1.171"
"02 Jan 20","1.1775"
"31 Dec 19","1.1765"
"30 Dec 19","1.1709"
"27 Dec 19","1.1729"
"24 Dec 19","1.1692"
"23 Dec 19","1.1659"
"20 Dec 19","1.1771"
"19 Dec 19","1.1722"
"18 Dec 19","1.175"
"17 Dec 19","1.1781"
"16 Dec 19","1.1973"
"13 Dec 19","1.1981"
"12 Dec 19","1.1801"
"11 Dec 19","1.1887"
"10 Dec 19","1.1878"
"09 Dec 19","1.1885"
"06 Dec 19","1.1861"
"05 Dec 19","1.1859"
"04 Dec 19","1.1822"
"03 Dec 19","1.1724"
"02 Dec 19","1.1672"
"29 Nov 19","1.173"
"28 Nov 19","1.1724"
"27 Nov 19","1.1706"
"26 Nov 19","1.1658"
"25 Nov 19","1.1721"
"22 Nov 19","1.1632"
"21 Nov 19","1.1669"
"20 Nov 19","1.1667"
"19 Nov 19","1.1671"
"18 Nov 19","1.1701"
"15 Nov 19","1.1673"
"14 Nov 19","1.1686"
"13 Nov 19","1.166"
"12 Nov 19","1.1659"
"11 Nov 19","1.1666"
"08 Nov 19","1.1609"
"07 Nov 19","1.1608"
"06 Nov 19","1.1625"
"05 Nov 19","1.1619"
"04 Nov 19","1.158"
"01 Nov 19","1.1592"
"31 Oct 19","1.1598"
"30 Oct 19","1.1572"
"29 Oct 19","1.1607"
"28 Oct 19","1.1591"
"25 Oct 19","1.1571"
"24 Oct 19","1.1571"
"23 Oct 19","1.159"
"22 Oct 19","1.1596"
"21 Oct 19","1.1648"
"18 Oct 19","1.158"
"17 Oct 19","1.1552"
"16 Oct 19","1.1585"
"15 Oct 19","1.1579"
"14 Oct 19","1.1416"
"11 Oct 19","1.1491"
"10 Oct 19","1.1159"
"09 Oct 19","1.1126"
"08 Oct 19","1.1148"
"07 Oct 19","1.1206"
"04 Oct 19","1.1198"
"03 Oct 19","1.1292"
"02 Oct 19","1.124"
"01 Oct 19","1.1197"
"30 Sep 19","1.1302"
"27 Sep 19","1.1244"
"26 Sep 19","1.1274"
"25 Sep 19","1.1295"
"24 Sep 19","1.1347"
"23 Sep 19","1.1305"
"20 Sep 19","1.1352"
"19 Sep 19","1.1295"
"18 Sep 19","1.1288"
"17 Sep 19","1.1298"
"16 Sep 19","1.1294"
"13 Sep 19","1.1243"
"12 Sep 19","1.1178"
"11 Sep 19","1.1224"
"10 Sep 19","1.1189"
"09 Sep 19","1.1163"
"06 Sep 19","1.1145"
"05 Sep 19","1.1161"
"04 Sep 19","1.1054"
"03 Sep 19","1.1034"
"02 Sep 19","1.0996"
"30 Aug 19","1.1061"
"29 Aug 19","1.1027"
"28 Aug 19","1.1035"
"27 Aug 19","1.1067"
"23 Aug 19","1.105"
"22 Aug 19","1.1059"
"21 Aug 19","1.0935"
"20 Aug 19","1.0941"
"19 Aug 19","1.0936"
"16 Aug 19","1.0936"
"15 Aug 19","1.0905"
"14 Aug 19","1.0825"
"13 Aug 19","1.0788"
"12 Aug 19","1.077"
"09 Aug 19","1.0781"
"08 Aug 19","1.0833"
"07 Aug 19","1.0836"
"06 Aug 19","1.088"
"05 Aug 19","1.0856"
"02 Aug 19","1.0916"
"01 Aug 19","1.0989"
"31 Jul 19","1.0999"
"30 Jul 19","1.0909"
"29 Jul 19","1.0988"
"26 Jul 19","1.1133"
"25 Jul 19","1.1196"
"24 Jul 19","1.1217"
"23 Jul 19","1.1156"
"22 Jul 19","1.1137"
"19 Jul 19","1.1141"
"18 Jul 19","1.1128"
"17 Jul 19","1.1071"
"16 Jul 19","1.1065"
"15 Jul 19","1.1114"
"12 Jul 19","1.1162"
"11 Jul 19","1.1146"
"10 Jul 19","1.1106"
"09 Jul 19","1.1124"
"08 Jul 19","1.1159"
"05 Jul 19","1.1143"
"04 Jul 19","1.1147"
"03 Jul 19","1.1136"
"02 Jul 19","1.1151"
"01 Jul 19","1.1174"
"28 Jun 19","1.1176"
"27 Jun 19","1.115"
"26 Jun 19","1.1144"
"25 Jun 19","1.1176"
"24 Jun 19","1.1167"
"21 Jun 19","1.1214"
"20 Jun 19","1.1251"
"19 Jun 19","1.1264"
"18 Jun 19","1.1212"
"17 Jun 19","1.1188"
"14 Jun 19","1.1232"
"13 Jun 19","1.1253"
"12 Jun 19","1.124"
"11 Jun 19","1.1241"
"10 Jun 19","1.1213"
"07 Jun 19","1.1253"
"06 Jun 19","1.1269"
"05 Jun 19","1.1305"
"04 Jun 19","1.1285"
"03 Jun 19","1.1277"
"31 May 19","1.1309"
"30 May 19","1.1314"
"29 May 19","1.1335"
"28 May 19","1.1343"
"24 May 19","1.1326"
"23 May 19","1.1362"
"22 May 19","1.1347"
"21 May 19","1.1436"
"20 May 19","1.1405"
"17 May 19","1.1409"
"16 May 19","1.1444"
"15 May 19","1.148"
"14 May 19","1.1522"
"13 May 19","1.155"
"10 May 19","1.1591"
"09 May 19","1.1595"
"08 May 19","1.1608"
"07 May 19","1.1662"
"03 May 19","1.1723"
"02 May 19","1.1655"
"01 May 19","1.164"
"30 Apr 19","1.1632"
"29 Apr 19","1.1574"
"26 Apr 19","1.1586"
"25 Apr 19","1.1582"
"24 Apr 19","1.1565"
"23 Apr 19","1.1544"
"18 Apr 19","1.1569"
"17 Apr 19","1.1541"
"16 Apr 19","1.1553"
"15 Apr 19","1.1598"
"12 Apr 19","1.158"
"11 Apr 19","1.1608"
"10 Apr 19","1.1635"
"09 Apr 19","1.1572"
"08 Apr 19","1.1585"
"05 Apr 19","1.1593"
"04 Apr 19","1.1665"
"03 Apr 19","1.1715"
"02 Apr 19","1.1644"
"01 Apr 19","1.1712"
"29 Mar 19","1.1605"
"28 Mar 19","1.1648"
"27 Mar 19","1.1725"
"26 Mar 19","1.1714"
"25 Mar 19","1.1655"
"22 Mar 19","1.1718"
"21 Mar 19","1.1507"
"20 Mar 19","1.1619"
"19 Mar 19","1.169"
"18 Mar 19","1.166"
"15 Mar 19","1.1723"
"14 Mar 19","1.175"
"13 Mar 19","1.1697"
"12 Mar 19","1.1616"
"11 Mar 19","1.1666"
"08 Mar 19","1.1574"
"07 Mar 19","1.1675"
"06 Mar 19","1.1619"
"05 Mar 19","1.1598"
"04 Mar 19","1.1633"
"01 Mar 19","1.163"
"28 Feb 19","1.168"
"27 Feb 19","1.1718"
"26 Feb 19","1.1655"
"25 Feb 19","1.1516"
"22 Feb 19","1.1514"
"21 Feb 19","1.1518"
"20 Feb 19","1.151"
"19 Feb 19","1.1497"
"18 Feb 19","1.1434"
"15 Feb 19","1.1406"
"14 Feb 19","1.1332"
"13 Feb 19","1.1411"
"12 Feb 19","1.1402"
"11 Feb 19","1.1409"
"08 Feb 19","1.1427"
"07 Feb 19","1.1427"
"06 Feb 19","1.1394"
"05 Feb 19","1.1343"
"04 Feb 19","1.1449"
"01 Feb 19","1.1417"
"31 Jan 19","1.146"
"30 Jan 19","1.1441"
"29 Jan 19","1.1519"
"28 Jan 19","1.1504"
"25 Jan 19","1.1552"
"24 Jan 19","1.1489"
"23 Jan 19","1.1482"
"22 Jan 19","1.1409"
"21 Jan 19","1.1345"
"18 Jan 19","1.1355"
"17 Jan 19","1.1343"
"16 Jan 19","1.1287"
"15 Jan 19","1.1199"
"14 Jan 19","1.126"
"11 Jan 19","1.1168"
"10 Jan 19","1.1091"
"09 Jan 19","1.1071"
"08 Jan 19","1.1126"
"07 Jan 19","1.114"
"04 Jan 19","1.1152"
"03 Jan 19","1.106"
"02 Jan 19","1.1104"
"31 Dec 18","1.1149"
"28 Dec 18","1.1094"
"27 Dec 18","1.1084"
"24 Dec 18","1.1099"
"21 Dec 18","1.1112"
"20 Dec 18","1.1068"
"19 Dec 18","1.107"
"18 Dec 18","1.1116"
"17 Dec 18","1.1124"
"14 Dec 18","1.1117"
"13 Dec 18","1.1116"
"12 Dec 18","1.1137"
"11 Dec 18","1.1064"
"10 Dec 18","1.1023"
"07 Dec 18","1.1201"
"06 Dec 18","1.1225"
"05 Dec 18","1.1231"
"04 Dec 18","1.1211"
"03 Dec 18","1.1224"
"30 Nov 18","1.1266"
"29 Nov 18","1.1221"
"28 Nov 18","1.131"
"27 Nov 18","1.1281"
"26 Nov 18","1.131"
"23 Nov 18","1.1285"
"22 Nov 18","1.1283"
"21 Nov 18","1.1218"
"20 Nov 18","1.1238"
"19 Nov 18","1.1234"
"16 Nov 18","1.1268"
"15 Nov 18","1.1294"
"14 Nov 18","1.15"
"13 Nov 18","1.1523"
"12 Nov 18","1.1435"
"09 Nov 18","1.1476"
"08 Nov 18","1.149"
"07 Nov 18","1.1452"
"06 Nov 18","1.1457"
"05 Nov 18","1.1419"
"02 Nov 18","1.1396"
"01 Nov 18","1.1384"
"31 Oct 18","1.1277"
"30 Oct 18","1.1203"
"29 Oct 18","1.1243"
"26 Oct 18","1.1276"
"25 Oct 18","1.1261"
"24 Oct 18","1.1329"
"23 Oct 18","1.1324"
"22 Oct 18","1.1311"
"19 Oct 18","1.1346"
"18 Oct 18","1.1377"
"17 Oct 18","1.1392"
"16 Oct 18","1.1408"
"15 Oct 18","1.1344"
"12 Oct 18","1.1385"
"11 Oct 18","1.1429"
"10 Oct 18","1.1443"
"09 Oct 18","1.1413"
"08 Oct 18","1.1392"
"05 Oct 18","1.1358"
"04 Oct 18","1.1306"
"03 Oct 18","1.1271"
"02 Oct 18","1.1232"
"01 Oct 18","1.126"
"28 Sep 18","1.1228"
"27 Sep 18","1.1233"
"26 Sep 18","1.1222"
"25 Sep 18","1.1168"
"24 Sep 18","1.1145"
"21 Sep 18","1.114"
"20 Sep 18","1.1278"
"19 Sep 18","1.1272"
"18 Sep 18","1.1244"
"17 Sep 18","1.1249"
"14 Sep 18","1.1207"
"13 Sep 18","1.1216"
"12 Sep 18","1.1203"
"11 Sep 18","1.1222"
"10 Sep 18","1.1219"
"07 Sep 18","1.1181"
"06 Sep 18","1.1131"
"05 Sep 18","1.1147"
"04 Sep 18","1.1105"
"03 Sep 18","1.1081"
"31 Aug 18","1.1169"
"30 Aug 18","1.1154"
"29 Aug 18","1.1118"
"28 Aug 18","1.1"
"24 Aug 18","1.1058"
"23 Aug 18","1.1088"
"22 Aug 18","1.113"
"21 Aug 18","1.117"
"20 Aug 18","1.1161"
"17 Aug 18","1.1167"
"16 Aug 18","1.1169"
"15 Aug 18","1.1199"
"14 Aug 18","1.1214"
"13 Aug 18","1.1189"
"10 Aug 18","1.1174"
"09 Aug 18","1.112"
"08 Aug 18","1.1105"
"07 Aug 18","1.1175"
"06 Aug 18","1.1194"
"03 Aug 18","1.1233"
"02 Aug 18","1.1223"
"01 Aug 18","1.1241"
"31 Jul 18","1.121"
"30 Jul 18","1.1224"
"27 Jul 18","1.1265"
"26 Jul 18","1.128"
"25 Jul 18","1.1262"
"24 Jul 18","1.1239"
"23 Jul 18","1.1203"
"20 Jul 18","1.1192"
"19 Jul 18","1.1197"
"18 Jul 18","1.1207"
"17 Jul 18","1.1265"
"16 Jul 18","1.13"
"13 Jul 18","1.1315"
"12 Jul 18","1.1316"
"11 Jul 18","1.1305"
"10 Jul 18","1.1317"
"09 Jul 18","1.1276"
"06 Jul 18","1.1293"
"05 Jul 18","1.1299"
"04 Jul 18","1.1345"
"03 Jul 18","1.131"
"02 Jul 18","1.1308"
"29 Jun 18","1.1308"
"28 Jun 18","1.131"
"27 Jun 18","1.1339"
"26 Jun 18","1.1342"
"25 Jun 18","1.1353"
"22 Jun 18","1.1404"
"21 Jun 18","1.1422"
"20 Jun 18","1.1379"
"19 Jun 18","1.1389"
"18 Jun 18","1.1403"
"15 Jun 18","1.1436"
"14 Jun 18","1.1443"
"13 Jun 18","1.1354"
"12 Jun 18","1.1328"
"11 Jun 18","1.1344"
"08 Jun 18","1.1387"
"07 Jun 18","1.135"
"06 Jun 18","1.1398"
"05 Jun 18","1.1434"
"04 Jun 18","1.1397"
"01 Jun 18","1.1429"
"31 May 18","1.14"
"30 May 18","1.1433"
"29 May 18","1.1476"
"25 May 18","1.1424"
"24 May 18","1.1408"
"23 May 18","1.1399"
"22 May 18","1.1398"
"21 May 18","1.1413"
"18 May 18","1.145"
"17 May 18","1.1454"
"16 May 18","1.1439"
"15 May 18","1.1378"
"14 May 18","1.1359"
"11 May 18","1.1346"
"10 May 18","1.1337"
"09 May 18","1.1452"
"08 May 18","1.1404"
"04 May 18","1.1331"
"03 May 18","1.1332"
"02 May 18","1.1374"
"01 May 18","1.1337"
"30 Apr 18","1.1402"
"27 Apr 18","1.1399"
"26 Apr 18","1.1503"
"25 Apr 18","1.1447"
"24 Apr 18","1.1432"
"23 Apr 18","1.1415"
"20 Apr 18","1.1422"
"19 Apr 18","1.1502"
"18 Apr 18","1.1501"
"17 Apr 18","1.1591"
"16 Apr 18","1.1582"
"13 Apr 18","1.1556"
"12 Apr 18","1.1553"
"11 Apr 18","1.1472"
"10 Apr 18","1.1476"
"09 Apr 18","1.1475"
"06 Apr 18","1.1485"
"05 Apr 18","1.1447"
"04 Apr 18","1.1452"
"03 Apr 18","1.1437"
"29 Mar 18","1.141"
"28 Mar 18","1.1415"
"27 Mar 18","1.1413"
"26 Mar 18","1.1431"
"23 Mar 18","1.1448"
"22 Mar 18","1.1451"
"21 Mar 18","1.1463"
"20 Mar 18","1.1418"
"19 Mar 18","1.1379"
"16 Mar 18","1.1334"
"15 Mar 18","1.1321"
"14 Mar 18","1.1281"
"13 Mar 18","1.1282"
"12 Mar 18","1.1283"
"09 Mar 18","1.1257"
"08 Mar 18","1.1218"
"07 Mar 18","1.1203"
"06 Mar 18","1.1198"
"05 Mar 18","1.1233"
"02 Mar 18","1.1185"
"01 Mar 18","1.1269"
"28 Feb 18","1.1299"
"27 Feb 18","1.1341"
"26 Feb 18","1.1344"
"23 Feb 18","1.1362"
"22 Feb 18","1.1313"
"21 Feb 18","1.1347"
"20 Feb 18","1.1347"
"19 Feb 18","1.1288"
"16 Feb 18","1.1279"
"15 Feb 18","1.1265"
"14 Feb 18","1.1256"
"13 Feb 18","1.1231"
"12 Feb 18","1.1246"
"09 Feb 18","1.127"
"08 Feb 18","1.1422"
"07 Feb 18","1.1293"
"06 Feb 18","1.1266"
"05 Feb 18","1.1285"
"02 Feb 18","1.1357"
"01 Feb 18","1.1417"
"31 Jan 18","1.1416"
"30 Jan 18","1.1371"
"29 Jan 18","1.1381"
"26 Jan 18","1.1408"
"25 Jan 18","1.1437"
"24 Jan 18","1.1487"
"23 Jan 18","1.1404"
"22 Jan 18","1.14"
"19 Jan 18","1.1328"
"18 Jan 18","1.1342"
"17 Jan 18","1.13"
"16 Jan 18","1.1264"
"15 Jan 18","1.1258"
"12 Jan 18","1.1269"
"11 Jan 18","1.1233"
"10 Jan 18","1.1293"
"09 Jan 18","1.1337"
"08 Jan 18","1.1339"
"05 Jan 18","1.1269"
"04 Jan 18","1.1224"
"03 Jan 18","1.124"
"02 Jan 18","1.1274"
"29 Dec 17","1.127"
"28 Dec 17","1.1256"
"27 Dec 17","1.1265"
"22 Dec 17","1.1295"
"21 Dec 17","1.1259"
"20 Dec 17","1.1281"
"19 Dec 17","1.1303"
"18 Dec 17","1.1343"
"15 Dec 17","1.1321"
"14 Dec 17","1.1398"
"13 Dec 17","1.1365"
"12 Dec 17","1.1358"
"11 Dec 17","1.1328"
"08 Dec 17","1.1382"
"07 Dec 17","1.138"
"06 Dec 17","1.1352"
"05 Dec 17","1.1372"
"04 Dec 17","1.1375"
"01 Dec 17","1.137"
"30 Nov 17","1.1348"
"29 Nov 17","1.1319"
"28 Nov 17","1.1147"
"27 Nov 17","1.1192"
"24 Nov 17","1.1186"
"23 Nov 17","1.1228"
"22 Nov 17","1.1269"
"21 Nov 17","1.1283"
"20 Nov 17","1.1289"
"17 Nov 17","1.1209"
"16 Nov 17","1.1209"
"15 Nov 17","1.1154"
"14 Nov 17","1.1159"
"13 Nov 17","1.124"
"10 Nov 17","1.1337"
"09 Nov 17","1.1285"
"08 Nov 17","1.1307"
"07 Nov 17","1.1353"
"06 Nov 17","1.1325"
"03 Nov 17","1.1248"
"02 Nov 17","1.1195"
"01 Nov 17","1.1412"
"31 Oct 17","1.14"
"30 Oct 17","1.1349"
"27 Oct 17","1.1322"
"26 Oct 17","1.1254"
"25 Oct 17","1.1221"
"24 Oct 17","1.1154"
"23 Oct 17","1.1226"
"20 Oct 17","1.119"
"19 Oct 17","1.114"
"18 Oct 17","1.1184"
"17 Oct 17","1.1207"
"16 Oct 17","1.1259"
"13 Oct 17","1.1241"
"12 Oct 17","1.1114"
"11 Oct 17","1.1135"
"10 Oct 17","1.1185"
"09 Oct 17","1.1188"
"06 Oct 17","1.1128"
"05 Oct 17","1.1216"
"04 Oct 17","1.129"
"03 Oct 17","1.1269"
"02 Oct 17","1.1313"
"29 Sep 17","1.1349"
"28 Sep 17","1.1408"
"27 Sep 17","1.141"
"26 Sep 17","1.1402"
"25 Sep 17","1.1365"
"22 Sep 17","1.1303"
"21 Sep 17","1.1359"
"20 Sep 17","1.1311"
"19 Sep 17","1.1291"
"18 Sep 17","1.1339"
"15 Sep 17","1.1365"
"14 Sep 17","1.1244"
"13 Sep 17","1.1102"
"12 Sep 17","1.1095"
"11 Sep 17","1.1001"
"08 Sep 17","1.097"
"07 Sep 17","1.0918"
"06 Sep 17","1.0947"
"05 Sep 17","1.0931"
"04 Sep 17","1.0877"
"01 Sep 17","1.0923"
"31 Aug 17","1.0837"
"30 Aug 17","1.0846"
"29 Aug 17","1.0771"
"25 Aug 17","1.0847"
"24 Aug 17","1.0841"
"23 Aug 17","1.0829"
"22 Aug 17","1.091"
"21 Aug 17","1.0922"
"18 Aug 17","1.0943"
"17 Aug 17","1.0976"
"16 Aug 17","1.0996"
"15 Aug 17","1.0968"
"14 Aug 17","1.1022"
"11 Aug 17","1.1005"
"10 Aug 17","1.1056"
"09 Aug 17","1.1063"
"08 Aug 17","1.104"
"07 Aug 17","1.104"
"04 Aug 17","1.1096"
"03 Aug 17","1.1065"
"02 Aug 17","1.1152"
"01 Aug 17","1.1202"
"31 Jul 17","1.1182"
"28 Jul 17","1.1168"
"27 Jul 17","1.1219"
"26 Jul 17","1.1226"
"25 Jul 17","1.1191"
"24 Jul 17","1.1206"
"21 Jul 17","1.1145"
"20 Jul 17","1.1164"
"19 Jul 17","1.1324"
"18 Jul 17","1.1241"
"17 Jul 17","1.139"
"14 Jul 17","1.1434"
"13 Jul 17","1.1342"
"12 Jul 17","1.1287"
"11 Jul 17","1.1247"
"10 Jul 17","1.1293"
"07 Jul 17","1.1306"
"06 Jul 17","1.1355"
"05 Jul 17","1.1409"
"04 Jul 17","1.1389"
"03 Jul 17","1.138"
"30 Jun 17","1.1391"
"29 Jun 17","1.1374"
"28 Jun 17","1.139"
"27 Jun 17","1.132"
"26 Jun 17","1.137"
"23 Jun 17","1.1373"
"22 Jun 17","1.1348"
"21 Jun 17","1.1366"
"20 Jun 17","1.134"
"19 Jun 17","1.1425"
"16 Jun 17","1.143"
"15 Jun 17","1.1446"
"14 Jun 17","1.1338"
"13 Jun 17","1.1359"
"12 Jun 17","1.1312"
"09 Jun 17","1.1393"
"08 Jun 17","1.1538"
"07 Jun 17","1.1505"
"06 Jun 17","1.1445"
"05 Jun 17","1.1492"
"02 Jun 17","1.1424"
"01 Jun 17","1.1494"
"31 May 17","1.1481"
"30 May 17","1.1507"
"26 May 17","1.1435"
"25 May 17","1.1546"
"24 May 17","1.1579"
"23 May 17","1.1559"
"22 May 17","1.1573"
"19 May 17","1.1635"
"18 May 17","1.1681"
"17 May 17","1.1637"
"16 May 17","1.1656"
"15 May 17","1.1766"
"12 May 17","1.1802"
"11 May 17","1.1849"
"10 May 17","1.1912"
"09 May 17","1.1891"
"08 May 17","1.1839"
"05 May 17","1.1796"
"04 May 17","1.18"
"03 May 17","1.1821"
"02 May 17","1.1848"
"28 Apr 17","1.1881"
"27 Apr 17","1.1868"
"26 Apr 17","1.1822"
"25 Apr 17","1.174"
"24 Apr 17","1.1764"
"21 Apr 17","1.1955"
"20 Apr 17","1.1927"
"19 Apr 17","1.1957"
"18 Apr 17","1.1931"
"13 Apr 17","1.1782"
"12 Apr 17","1.1781"
"11 Apr 17","1.1751"
"10 Apr 17","1.1724"
"07 Apr 17","1.167"
"06 Apr 17","1.1724"
"05 Apr 17","1.1703"
"04 Apr 17","1.1673"
"03 Apr 17","1.1718"
"31 Mar 17","1.1694"
"30 Mar 17","1.1636"
"29 Mar 17","1.1545"
"28 Mar 17","1.1535"
"27 Mar 17","1.1548"
"24 Mar 17","1.1559"
"23 Mar 17","1.1611"
"22 Mar 17","1.1551"
"21 Mar 17","1.1545"
"20 Mar 17","1.15"
"17 Mar 17","1.1516"
"16 Mar 17","1.1519"
"15 Mar 17","1.1497"
"14 Mar 17","1.143"
"13 Mar 17","1.1466"
"10 Mar 17","1.1417"
"09 Mar 17","1.1483"
"08 Mar 17","1.1527"
"07 Mar 17","1.1526"
"06 Mar 17","1.1562"
"03 Mar 17","1.1606"
"02 Mar 17","1.1672"
"01 Mar 17","1.1669"
"28 Feb 17","1.1713"
"27 Feb 17","1.1749"
"24 Feb 17","1.1818"
"23 Feb 17","1.1846"
"22 Feb 17","1.1811"
"21 Feb 17","1.1833"
"20 Feb 17","1.1744"
"17 Feb 17","1.17"
"16 Feb 17","1.1716"
"15 Feb 17","1.1772"
"14 Feb 17","1.1799"
"13 Feb 17","1.179"
"10 Feb 17","1.1748"
"09 Feb 17","1.1748"
"08 Feb 17","1.1705"
"07 Feb 17","1.1629"
"06 Feb 17","1.1588"
"03 Feb 17","1.1592"
"02 Feb 17","1.1595"
"01 Feb 17","1.1756"
"31 Jan 17","1.1646"
"30 Jan 17","1.1709"
"27 Jan 17","1.1725"
"26 Jan 17","1.1797"
"25 Jan 17","1.1735"
"24 Jan 17","1.1638"
"23 Jan 17","1.1624"
"20 Jan 17","1.1539"
"19 Jan 17","1.1597"
"18 Jan 17","1.1545"
"17 Jan 17","1.1583"
"16 Jan 17","1.1375"
"13 Jan 17","1.1468"
"12 Jan 17","1.147"
"11 Jan 17","1.1524"
"10 Jan 17","1.15"
"09 Jan 17","1.1508"
"06 Jan 17","1.1649"
"05 Jan 17","1.1719"
"04 Jan 17","1.1737"
"03 Jan 17","1.1786"
"30 Dec 16","1.1651"
"29 Dec 16","1.1657"
"28 Dec 16","1.1764"
"23 Dec 16","1.1725"
"22 Dec 16","1.1757"
"21 Dec 16","1.1862"
"20 Dec 16","1.1905"
"19 Dec 16","1.1874"
"16 Dec 16","1.1944"
"15 Dec 16","1.1915"
"14 Dec 16","1.1926"
"13 Dec 16","1.1921"
"12 Dec 16","1.1942"
"09 Dec 16","1.1925"
"08 Dec 16","1.1829"
"07 Dec 16","1.1711"
"06 Dec 16","1.1845"
"05 Dec 16","1.1848"
"02 Dec 16","1.1873"
"01 Dec 16","1.1893"
"30 Nov 16","1.178"
"29 Nov 16","1.1779"
"28 Nov 16","1.1728"
"25 Nov 16","1.1744"
"24 Nov 16","1.1801"
"23 Nov 16","1.1772"
"22 Nov 16","1.1735"
"21 Nov 16","1.1744"
"18 Nov 16","1.1644"
"17 Nov 16","1.1652"
"16 Nov 16","1.1641"
"15 Nov 16","1.1544"
"14 Nov 16","1.1613"
"11 Nov 16","1.1592"
"10 Nov 16","1.1477"
"09 Nov 16","1.1366"
"08 Nov 16","1.1232"
"07 Nov 16","1.1232"
"04 Nov 16","1.128"
"03 Nov 16","1.1225"
"02 Nov 16","1.1076"
"01 Nov 16","1.1066"
"31 Oct 16","1.1142"
"28 Oct 16","1.1115"
"27 Oct 16","1.1155"
"26 Oct 16","1.121"
"25 Oct 16","1.1173"
"24 Oct 16","1.1215"
"21 Oct 16","1.1218"
"20 Oct 16","1.1206"
"19 Oct 16","1.1204"
"18 Oct 16","1.1212"
"17 Oct 16","1.106"
"14 Oct 16","1.1082"
"13 Oct 16","1.1054"
"12 Oct 16","1.1064"
"11 Oct 16","1.1058"
"10 Oct 16","1.1093"
"07 Oct 16","1.1154"
"06 Oct 16","1.1321"
"05 Oct 16","1.1376"
"04 Oct 16","1.1429"
"03 Oct 16","1.1442"
"30 Sep 16","1.1558"
"29 Sep 16","1.156"
"28 Sep 16","1.1607"
"27 Sep 16","1.1598"
"26 Sep 16","1.1515"
"23 Sep 16","1.1552"
"22 Sep 16","1.1649"
"21 Sep 16","1.1632"
"20 Sep 16","1.1597"
"19 Sep 16","1.168"
"16 Sep 16","1.1718"
"15 Sep 16","1.1735"
"14 Sep 16","1.172"
"13 Sep 16","1.1726"
"12 Sep 16","1.1861"
"09 Sep 16","1.1827"
"08 Sep 16","1.181"
"07 Sep 16","1.1866"
"06 Sep 16","1.1947"
"05 Sep 16","1.1931"
"02 Sep 16","1.1923"
"01 Sep 16","1.1883"
"31 Aug 16","1.1765"
"30 Aug 16","1.1744"
"26 Aug 16","1.1703"
"25 Aug 16","1.1692"
"24 Aug 16","1.1779"
"23 Aug 16","1.1645"
"22 Aug 16","1.1604"
"19 Aug 16","1.1527"
"18 Aug 16","1.162"
"17 Aug 16","1.1538"
"16 Aug 16","1.1517"
"15 Aug 16","1.1499"
"12 Aug 16","1.1572"
"11 Aug 16","1.16"
"10 Aug 16","1.1656"
"09 Aug 16","1.1694"
"08 Aug 16","1.1774"
"05 Aug 16","1.1797"
"04 Aug 16","1.1786"
"03 Aug 16","1.1924"
"02 Aug 16","1.1859"
"01 Aug 16","1.1823"
"29 Jul 16","1.1867"
"28 Jul 16","1.1838"
"27 Jul 16","1.1936"
"26 Jul 16","1.1944"
"25 Jul 16","1.1961"
"22 Jul 16","1.1917"
"21 Jul 16","1.2017"
"20 Jul 16","1.1969"
"19 Jul 16","1.193"
"18 Jul 16","1.2006"
"15 Jul 16","1.1952"
"14 Jul 16","1.1998"
"13 Jul 16","1.1903"
"12 Jul 16","1.1909"
"11 Jul 16","1.1759"
"08 Jul 16","1.1743"
"07 Jul 16","1.168"
"06 Jul 16","1.1639"
"05 Jul 16","1.175"
"04 Jul 16","1.1929"
"01 Jul 16","1.192"
"30 Jun 16","1.2081"
"29 Jun 16","1.2177"
"28 Jun 16","1.2054"
"27 Jun 16","1.1986"
"24 Jun 16","1.2254"
"23 Jun 16","1.3039"
"22 Jun 16","1.3018"
"21 Jun 16","1.3018"
"20 Jun 16","1.296"
"17 Jun 16","1.2709"
"16 Jun 16","1.2617"
"15 Jun 16","1.2634"
"14 Jun 16","1.2589"
"13 Jun 16","1.2639"
"10 Jun 16","1.2687"
"09 Jun 16","1.2771"
"08 Jun 16","1.2773"
"07 Jun 16","1.2823"
"06 Jun 16","1.2726"
"03 Jun 16","1.2814"
"02 Jun 16","1.2947"
"01 Jun 16","1.2898"
"31 May 16","1.3077"
"27 May 16","1.3129"
"26 May 16","1.3127"
"25 May 16","1.3202"
"24 May 16","1.3091"
"23 May 16","1.2915"
"20 May 16","1.2946"
"19 May 16","1.3017"
"18 May 16","1.2961"
"17 May 16","1.2764"
"16 May 16","1.2712"
"13 May 16","1.27"
"12 May 16","1.272"
"11 May 16","1.2653"
"10 May 16","1.2694"
"09 May 16","1.2634"
"06 May 16","1.2635"
"05 May 16","1.2718"
"04 May 16","1.2601"
"03 May 16","1.2634"
"29 Apr 16","1.2791"
"28 Apr 16","1.2878"
"27 Apr 16","1.2856"
"26 Apr 16","1.2899"
"25 Apr 16","1.2868"
"22 Apr 16","1.2822"
"21 Apr 16","1.2702"
"20 Apr 16","1.2711"
"19 Apr 16","1.2659"
"18 Apr 16","1.26"
"15 Apr 16","1.2551"
"14 Apr 16","1.2554"
"13 Apr 16","1.259"
"12 Apr 16","1.2491"
"11 Apr 16","1.2464"
"08 Apr 16","1.2366"
"07 Apr 16","1.2386"
"06 Apr 16","1.2384"
"05 Apr 16","1.2424"
"04 Apr 16","1.2556"
"01 Apr 16","1.2503"
"31 Mar 16","1.2616"
"30 Mar 16","1.2725"
"29 Mar 16","1.275"
"24 Mar 16","1.267"
"23 Mar 16","1.2626"
"22 Mar 16","1.2663"
"21 Mar 16","1.279"
"18 Mar 16","1.2853"
"17 Mar 16","1.2805"
"16 Mar 16","1.273"
"15 Mar 16","1.2747"
"14 Mar 16","1.2897"
"11 Mar 16","1.29"
"10 Mar 16","1.2835"
"09 Mar 16","1.2921"
"08 Mar 16","1.2851"
"07 Mar 16","1.2932"
"04 Mar 16","1.2914"
"03 Mar 16","1.2948"
"02 Mar 16","1.2989"
"01 Mar 16","1.2822"
"29 Feb 16","1.2821"
"26 Feb 16","1.2687"
"25 Feb 16","1.2641"
"24 Feb 16","1.2637"
"23 Feb 16","1.2795"
"22 Feb 16","1.2819"
"19 Feb 16","1.2845"
"18 Feb 16","1.2942"
"17 Feb 16","1.286"
"16 Feb 16","1.2839"
"15 Feb 16","1.297"
"12 Feb 16","1.2857"
"11 Feb 16","1.2726"
"10 Feb 16","1.2912"
"09 Feb 16","1.2806"
"08 Feb 16","1.2891"
"05 Feb 16","1.2999"
"04 Feb 16","1.3053"
"03 Feb 16","1.3207"
"02 Feb 16","1.3185"
"01 Feb 16","1.3191"
"29 Jan 16","1.3113"
"28 Jan 16","1.3152"
"27 Jan 16","1.3117"
"26 Jan 16","1.3204"
"25 Jan 16","1.3169"
"22 Jan 16","1.324"
"21 Jan 16","1.306"
"20 Jan 16","1.3017"
"19 Jan 16","1.298"
"18 Jan 16","1.3125"
"15 Jan 16","1.3068"
"14 Jan 16","1.3276"
"13 Jan 16","1.3316"
"12 Jan 16","1.3275"
"11 Jan 16","1.3391"
"08 Jan 16","1.333"
"07 Jan 16","1.3452"
"06 Jan 16","1.3595"
"05 Jan 16","1.3661"
"04 Jan 16","1.3598"
"31 Dec 15","1.3605"
"30 Dec 15","1.3591"
"29 Dec 15","1.3567"
"24 Dec 15","1.363"
"23 Dec 15","1.3667"
"22 Dec 15","1.3518"
"21 Dec 15","1.3633"
"18 Dec 15","1.3733"
"17 Dec 15","1.3736"
"16 Dec 15","1.3708"
"15 Dec 15","1.3779"
"14 Dec 15","1.3707"
"11 Dec 15","1.3829"
"10 Dec 15","1.3865"
"09 Dec 15","1.385"
"08 Dec 15","1.3783"
"07 Dec 15","1.389"
"04 Dec 15","1.3869"
"03 Dec 15","1.3859"
"02 Dec 15","1.4139"
"01 Dec 15","1.4191"
"30 Nov 15","1.4253"
"27 Nov 15","1.4208"
"26 Nov 15","1.4244"
"25 Nov 15","1.4212"
"24 Nov 15","1.4161"
"23 Nov 15","1.4256"
"20 Nov 15","1.4272"
"19 Nov 15","1.4246"
"18 Nov 15","1.4285"
"17 Nov 15","1.4286"
"16 Nov 15","1.4181"
"13 Nov 15","1.4161"
"12 Nov 15","1.4129"
"11 Nov 15","1.4168"
"10 Nov 15","1.4131"
"09 Nov 15","1.4059"
"06 Nov 15","1.4037"
"05 Nov 15","1.4036"
"04 Nov 15","1.4166"
"03 Nov 15","1.4062"
"02 Nov 15","1.398"
"30 Oct 15","1.3987"
"29 Oct 15","1.3954"
"28 Oct 15","1.3847"
"27 Oct 15","1.3855"
"26 Oct 15","1.3901"
"23 Oct 15","1.3913"
"22 Oct 15","1.3808"
"21 Oct 15","1.3614"
"20 Oct 15","1.3631"
"19 Oct 15","1.3688"
"16 Oct 15","1.3577"
"15 Oct 15","1.3578"
"14 Oct 15","1.3498"
"13 Oct 15","1.3386"
"12 Oct 15","1.349"
"09 Oct 15","1.348"
"08 Oct 15","1.3564"
"07 Oct 15","1.363"
"06 Oct 15","1.3507"
"05 Oct 15","1.3537"
"02 Oct 15","1.3482"
"01 Oct 15","1.3526"
"30 Sep 15","1.3565"
"29 Sep 15","1.3494"
"28 Sep 15","1.3544"
"25 Sep 15","1.3582"
"24 Sep 15","1.3535"
"23 Sep 15","1.3663"
"22 Sep 15","1.3781"
"21 Sep 15","1.3832"
"18 Sep 15","1.3707"
"17 Sep 15","1.3727"
"16 Sep 15","1.3738"
"15 Sep 15","1.3623"
"14 Sep 15","1.3633"
"11 Sep 15","1.3655"
"10 Sep 15","1.3759"
"09 Sep 15","1.3767"
"08 Sep 15","1.3738"
"07 Sep 15","1.3678"
"04 Sep 15","1.3652"
"03 Sep 15","1.3724"
"02 Sep 15","1.3618"
"01 Sep 15","1.3615"
"28 Aug 15","1.3689"
"27 Aug 15","1.3708"
"26 Aug 15","1.3622"
"25 Aug 15","1.3755"
"24 Aug 15","1.3598"
"21 Aug 15","1.3853"
"20 Aug 15","1.3991"
"19 Aug 15","1.4148"
"18 Aug 15","1.4186"
"17 Aug 15","1.4085"
"14 Aug 15","1.4044"
"13 Aug 15","1.4003"
"12 Aug 15","1.3974"
"11 Aug 15","1.4095"
"10 Aug 15","1.4157"
"07 Aug 15","1.4144"
"06 Aug 15","1.4206"
"05 Aug 15","1.4361"
"04 Aug 15","1.423"
"03 Aug 15","1.4234"
"31 Jul 15","1.4126"
"30 Jul 15","1.4289"
"29 Jul 15","1.4189"
"28 Jul 15","1.4114"
"27 Jul 15","1.4028"
"24 Jul 15","1.4134"
"23 Jul 15","1.4142"
"22 Jul 15","1.435"
"21 Jul 15","1.4229"
"20 Jul 15","1.4352"
"17 Jul 15","1.4402"
"16 Jul 15","1.4294"
"15 Jul 15","1.4248"
"14 Jul 15","1.4155"
"13 Jul 15","1.4104"
"10 Jul 15","1.388"
"09 Jul 15","1.3931"
"08 Jul 15","1.3874"
"07 Jul 15","1.4099"
"06 Jul 15","1.4088"
"03 Jul 15","1.4057"
"02 Jul 15","1.405"
"01 Jul 15","1.4072"
"30 Jun 15","1.4118"
"29 Jun 15","1.4119"
"26 Jun 15","1.4122"
"25 Jun 15","1.4049"
"24 Jun 15","1.4057"
"23 Jun 15","1.4063"
"22 Jun 15","1.3879"
"19 Jun 15","1.4019"
"18 Jun 15","1.3927"
"17 Jun 15","1.3986"
"16 Jun 15","1.3908"
"15 Jun 15","1.3811"
"12 Jun 15","1.3815"
"11 Jun 15","1.3792"
"10 Jun 15","1.3749"
"09 Jun 15","1.3622"
"08 Jun 15","1.3629"
"05 Jun 15","1.3721"
"04 Jun 15","1.3618"
"03 Jun 15","1.3609"
"02 Jun 15","1.3774"
"01 Jun 15","1.3955"
"29 May 15","1.392"
"28 May 15","1.4006"
"27 May 15","1.4092"
"26 May 15","1.4116"
"22 May 15","1.4057"
"21 May 15","1.4088"
"20 May 15","1.4006"
"19 May 15","1.3934"
"18 May 15","1.3799"
"15 May 15","1.3804"
"14 May 15","1.3847"
"13 May 15","1.3857"
"12 May 15","1.3926"
"11 May 15","1.3959"
"08 May 15","1.3743"
"07 May 15","1.3498"
"06 May 15","1.343"
"05 May 15","1.3581"
"01 May 15","1.3527"
"30 Apr 15","1.372"
"29 Apr 15","1.3859"
"28 Apr 15","1.3954"
"27 Apr 15","1.3977"
"24 Apr 15","1.3959"
"23 Apr 15","1.3936"
"22 Apr 15","1.4022"
"21 Apr 15","1.3902"
"20 Apr 15","1.3869"
"17 Apr 15","1.3884"
"16 Apr 15","1.3923"
"15 Apr 15","1.3918"
"14 Apr 15","1.383"
"13 Apr 15","1.3846"
"10 Apr 15","1.3792"
"09 Apr 15","1.3803"
"08 Apr 15","1.383"
"07 Apr 15","1.3693"
"02 Apr 15","1.363"
"01 Apr 15","1.3773"
"31 Mar 15","1.3821"
"30 Mar 15","1.367"
"27 Mar 15","1.3661"
"26 Mar 15","1.3594"
"25 Mar 15","1.3576"
"24 Mar 15","1.3633"
"23 Mar 15","1.3668"
"20 Mar 15","1.3828"
"19 Mar 15","1.3866"
"18 Mar 15","1.3799"
"17 Mar 15","1.3902"
"16 Mar 15","1.3995"
"13 Mar 15","1.4022"
"12 Mar 15","1.4043"
"11 Mar 15","1.4134"
"10 Mar 15","1.4089"
"09 Mar 15","1.3918"
"06 Mar 15","1.3868"
"05 Mar 15","1.3812"
"04 Mar 15","1.3794"
"03 Mar 15","1.3743"
"02 Mar 15","1.3723"
"27 Feb 15","1.3775"
"26 Feb 15","1.3742"
"25 Feb 15","1.3637"
"24 Feb 15","1.3637"
"23 Feb 15","1.3605"
"20 Feb 15","1.3523"
"19 Feb 15","1.3556"
"18 Feb 15","1.3597"
"17 Feb 15","1.3451"
"16 Feb 15","1.3486"
"13 Feb 15","1.3499"
"12 Feb 15","1.3509"
"11 Feb 15","1.3504"
"10 Feb 15","1.3476"
"09 Feb 15","1.3444"
"06 Feb 15","1.346"
"05 Feb 15","1.3376"
"04 Feb 15","1.3317"
"03 Feb 15","1.3201"
"02 Feb 15","1.3256"
"30 Jan 15","1.3309"
"29 Jan 15","1.3299"
"28 Jan 15","1.3385"
"27 Jan 15","1.3335"
"26 Jan 15","1.3372"
"23 Jan 15","1.336"
"22 Jan 15","1.3214"
"21 Jan 15","1.3046"
"20 Jan 15","1.3129"
"19 Jan 15","1.3031"
"16 Jan 15","1.315"
"15 Jan 15","1.3091"
"14 Jan 15","1.2907"
"13 Jan 15","1.2881"
"12 Jan 15","1.281"
"09 Jan 15","1.2801"
"08 Jan 15","1.2789"
"07 Jan 15","1.2762"
"06 Jan 15","1.2727"
"05 Jan 15","1.2767"
"02 Jan 15","1.279"
"31 Dec 14","1.2841"
"30 Dec 14","1.279"
"29 Dec 14","1.275"
"24 Dec 14","1.274"
"23 Dec 14","1.2748"
"22 Dec 14","1.2751"
"19 Dec 14","1.2753"
"18 Dec 14","1.2732"
"17 Dec 14","1.2621"
"16 Dec 14","1.2574"
"15 Dec 14","1.2571"
"12 Dec 14","1.2598"
"11 Dec 14","1.2678"
"10 Dec 14","1.2639"
"09 Dec 14","1.263"
"08 Dec 14","1.2711"
"05 Dec 14","1.2681"
"04 Dec 14","1.2624"
"03 Dec 14","1.2752"
"02 Dec 14","1.2621"
"01 Dec 14","1.2602"
"28 Nov 14","1.2565"
"27 Nov 14","1.2598"
"26 Nov 14","1.2606"
"25 Nov 14","1.2595"
"24 Nov 14","1.2622"
"21 Nov 14","1.2631"
"20 Nov 14","1.2521"
"19 Nov 14","1.2493"
"18 Nov 14","1.2485"
"17 Nov 14","1.2562"
"14 Nov 14","1.2538"
"13 Nov 14","1.2613"
"12 Nov 14","1.2687"
"11 Nov 14","1.2773"
"10 Nov 14","1.2754"
"07 Nov 14","1.2763"
"06 Nov 14","1.2788"
"05 Nov 14","1.2792"
"04 Nov 14","1.2734"
"03 Nov 14","1.2799"
"31 Oct 14","1.277"
"30 Oct 14","1.2696"
"29 Oct 14","1.2655"
"28 Oct 14","1.2674"
"27 Oct 14","1.2692"
"24 Oct 14","1.2695"
"23 Oct 14","1.2676"
"22 Oct 14","1.2673"
"21 Oct 14","1.2673"
"20 Oct 14","1.2621"
"17 Oct 14","1.2608"
"16 Oct 14","1.2534"
"15 Oct 14","1.2495"
"14 Oct 14","1.2568"
"13 Oct 14","1.2662"
"10 Oct 14","1.2696"
"09 Oct 14","1.2714"
"08 Oct 14","1.2671"
"07 Oct 14","1.2736"
"06 Oct 14","1.2735"
"03 Oct 14","1.2758"
"02 Oct 14","1.2738"
"01 Oct 14","1.2866"
"30 Sep 14","1.2833"
"29 Sep 14","1.2804"
"26 Sep 14","1.2795"
"25 Sep 14","1.2807"
"24 Sep 14","1.2773"
"23 Sep 14","1.2718"
"22 Sep 14","1.2734"
"19 Sep 14","1.2703"
"18 Sep 14","1.2684"
"17 Sep 14","1.2596"
"16 Sep 14","1.2531"
"15 Sep 14","1.2547"
"12 Sep 14","1.2544"
"11 Sep 14","1.2544"
"10 Sep 14","1.2502"
"09 Sep 14","1.2472"
"08 Sep 14","1.2481"
"05 Sep 14","1.2595"
"04 Sep 14","1.2646"
"03 Sep 14","1.2523"
"02 Sep 14","1.258"
"01 Sep 14","1.2647"
"29 Aug 14","1.2609"
"28 Aug 14","1.2586"
"27 Aug 14","1.2561"
"26 Aug 14","1.2555"
"22 Aug 14","1.2524"
"21 Aug 14","1.2494"
"20 Aug 14","1.2528"
"19 Aug 14","1.2477"
"18 Aug 14","1.2514"
"15 Aug 14","1.2467"
"14 Aug 14","1.2471"
"13 Aug 14","1.2477"
"12 Aug 14","1.2581"
"11 Aug 14","1.2541"
"08 Aug 14","1.2523"
"07 Aug 14","1.2615"
"06 Aug 14","1.2602"
"05 Aug 14","1.2619"
"04 Aug 14","1.2549"
"01 Aug 14","1.2538"
"31 Jul 14","1.2618"
"30 Jul 14","1.2635"
"29 Jul 14","1.2636"
"28 Jul 14","1.2649"
"25 Jul 14","1.2638"
"24 Jul 14","1.2602"
"23 Jul 14","1.2656"
"22 Jul 14","1.2666"
"21 Jul 14","1.2622"
"18 Jul 14","1.2634"
"17 Jul 14","1.2645"
"16 Jul 14","1.2665"
"15 Jul 14","1.2634"
"14 Jul 14","1.2541"
"11 Jul 14","1.2576"
"10 Jul 14","1.2581"
"09 Jul 14","1.2565"
"08 Jul 14","1.2575"
"07 Jul 14","1.2598"
"04 Jul 14","1.2619"
"03 Jul 14","1.2596"
"02 Jul 14","1.2574"
"01 Jul 14","1.2528"
"30 Jun 14","1.2488"
"27 Jun 14","1.2475"
"26 Jun 14","1.2515"
"25 Jun 14","1.2455"
"24 Jun 14","1.2482"
"23 Jun 14","1.2513"
"20 Jun 14","1.2535"
"19 Jun 14","1.2511"
"18 Jun 14","1.2481"
"17 Jun 14","1.2529"
"16 Jun 14","1.2515"
"13 Jun 14","1.2537"
"12 Jun 14","1.2429"
"11 Jun 14","1.2405"
"10 Jun 14","1.2374"
"09 Jun 14","1.2356"
"06 Jun 14","1.2309"
"05 Jun 14","1.2333"
"04 Jun 14","1.2299"
"03 Jun 14","1.2289"
"02 Jun 14","1.2316"
"30 May 14","1.2292"
"29 May 14","1.2279"
"28 May 14","1.2288"
"27 May 14","1.2342"
"23 May 14","1.2355"
"22 May 14","1.2345"
"21 May 14","1.2352"
"20 May 14","1.2301"
"19 May 14","1.2266"
"16 May 14","1.228"
"15 May 14","1.2246"
"14 May 14","1.2238"
"13 May 14","1.2285"
"12 May 14","1.2266"
"09 May 14","1.2243"
"08 May 14","1.2228"
"07 May 14","1.2184"
"06 May 14","1.2196"
"02 May 14","1.217"
"01 May 14","1.2185"
"30 Apr 14","1.2179"
"29 Apr 14","1.219"
"28 Apr 14","1.214"
"25 Apr 14","1.2149"
"24 Apr 14","1.2157"
"23 Apr 14","1.2134"
"22 Apr 14","1.2194"
"17 Apr 14","1.2149"
"16 Apr 14","1.2161"
"15 Apr 14","1.2102"
"14 Apr 14","1.2113"
"11 Apr 14","1.2041"
"10 Apr 14","1.2085"
"09 Apr 14","1.2115"
"08 Apr 14","1.2143"
"07 Apr 14","1.2088"
"04 Apr 14","1.2115"
"03 Apr 14","1.2092"
"02 Apr 14","1.2082"
"01 Apr 14","1.206"
"31 Mar 14","1.2096"
"28 Mar 14","1.2097"
"27 Mar 14","1.209"
"26 Mar 14","1.2016"
"25 Mar 14","1.1981"
"24 Mar 14","1.1963"
"21 Mar 14","1.1969"
"20 Mar 14","1.1979"
"19 Mar 14","1.1955"
"18 Mar 14","1.1913"
"17 Mar 14","1.1951"
"14 Mar 14","1.1943"
"13 Mar 14","1.1975"
"12 Mar 14","1.1943"
"11 Mar 14","1.1991"
"10 Mar 14","1.1984"
"07 Mar 14","1.2062"
"06 Mar 14","1.2079"
"05 Mar 14","1.2177"
"04 Mar 14","1.2133"
"03 Mar 14","1.2137"
"28 Feb 14","1.2134"
"27 Feb 14","1.2185"
"26 Feb 14","1.2176"
"25 Feb 14","1.2146"
"24 Feb 14","1.2116"
"21 Feb 14","1.214"
"20 Feb 14","1.2148"
"19 Feb 14","1.2153"
"18 Feb 14","1.2144"
"17 Feb 14","1.2197"
"14 Feb 14","1.2226"
"13 Feb 14","1.2174"
"12 Feb 14","1.2206"
"11 Feb 14","1.2053"
"10 Feb 14","1.2015"
"07 Feb 14","1.2038"
"06 Feb 14","1.2004"
"05 Feb 14","1.205"
"04 Feb 14","1.2062"
"03 Feb 14","1.2082"
"31 Jan 14","1.2189"
"30 Jan 14","1.2164"
"29 Jan 14","1.2131"
"28 Jan 14","1.2138"
"27 Jan 14","1.2122"
"24 Jan 14","1.2058"
"23 Jan 14","1.2156"
"22 Jan 14","1.2225"
"21 Jan 14","1.2157"
"20 Jan 14","1.2107"
"17 Jan 14","1.213"
"16 Jan 14","1.2018"
"15 Jan 14","1.2025"
"14 Jan 14","1.2026"
"13 Jan 14","1.2"
"10 Jan 14","1.2057"
"09 Jan 14","1.2119"
"08 Jan 14","1.211"
"07 Jan 14","1.2052"
"06 Jan 14","1.2029"
"03 Jan 14","1.208"
"02 Jan 14","1.2036"
"31 Dec 13","1.2004"
"30 Dec 13","1.1964"
"27 Dec 13","1.1973"
"24 Dec 13","1.1959"
"23 Dec 13","1.1934"
"20 Dec 13","1.1965"
"19 Dec 13","1.1972"
"18 Dec 13","1.1911"
"17 Dec 13","1.1829"
"16 Dec 13","1.185"
"13 Dec 13","1.1854"
"12 Dec 13","1.187"
"11 Dec 13","1.1869"
"10 Dec 13","1.193"
"09 Dec 13","1.1944"
"06 Dec 13","1.1951"
"05 Dec 13","1.1951"
"04 Dec 13","1.2057"
"03 Dec 13","1.2079"
"02 Dec 13","1.2074"
"29 Nov 13","1.2032"
"28 Nov 13","1.202"
"27 Nov 13","1.1992"
"26 Nov 13","1.1932"
"25 Nov 13","1.1961"
"22 Nov 13","1.1971"
"21 Nov 13","1.1995"
"20 Nov 13","1.2011"
"19 Nov 13","1.1905"
"18 Nov 13","1.1913"
"15 Nov 13","1.1944"
"14 Nov 13","1.1956"
"13 Nov 13","1.1929"
"12 Nov 13","1.1853"
"11 Nov 13","1.1913"
"08 Nov 13","1.1981"
"07 Nov 13","1.1991"
"06 Nov 13","1.1887"
"05 Nov 13","1.1906"
"04 Nov 13","1.1807"
"01 Nov 13","1.1805"
"31 Oct 13","1.1819"
"30 Oct 13","1.1675"
"29 Oct 13","1.1662"
"28 Oct 13","1.1702"
"25 Oct 13","1.172"
"24 Oct 13","1.1713"
"23 Oct 13","1.173"
"22 Oct 13","1.1772"
"21 Oct 13","1.1816"
"18 Oct 13","1.182"
"17 Oct 13","1.1819"
"16 Oct 13","1.1808"
"15 Oct 13","1.1826"
"14 Oct 13","1.1789"
"11 Oct 13","1.1757"
"10 Oct 13","1.1799"
"09 Oct 13","1.1787"
"08 Oct 13","1.1846"
"07 Oct 13","1.1849"
"04 Oct 13","1.1822"
"03 Oct 13","1.1869"
"02 Oct 13","1.1942"
"01 Oct 13","1.1981"
"30 Sep 13","1.1964"
"27 Sep 13","1.1906"
"26 Sep 13","1.1872"
"25 Sep 13","1.1897"
"24 Sep 13","1.1847"
"23 Sep 13","1.1883"
"20 Sep 13","1.1843"
"19 Sep 13","1.1862"
"18 Sep 13","1.1964"
"17 Sep 13","1.1913"
"16 Sep 13","1.1934"
"13 Sep 13","1.1965"
"12 Sep 13","1.1892"
"11 Sep 13","1.1888"
"10 Sep 13","1.1851"
"09 Sep 13","1.1861"
"06 Sep 13","1.188"
"05 Sep 13","1.1883"
"04 Sep 13","1.1844"
"03 Sep 13","1.1803"
"02 Sep 13","1.18"
"30 Aug 13","1.1734"
"29 Aug 13","1.1716"
"28 Aug 13","1.1649"
"27 Aug 13","1.1602"
"23 Aug 13","1.1635"
"22 Aug 13","1.1669"
"21 Aug 13","1.1728"
"20 Aug 13","1.1679"
"19 Aug 13","1.1737"
"16 Aug 13","1.1711"
"15 Aug 13","1.174"
"14 Aug 13","1.1714"
"13 Aug 13","1.1681"
"12 Aug 13","1.1645"
"09 Aug 13","1.1631"
"08 Aug 13","1.1621"
"07 Aug 13","1.1651"
"06 Aug 13","1.156"
"05 Aug 13","1.1579"
"02 Aug 13","1.1498"
"01 Aug 13","1.1456"
"31 Jul 13","1.142"
"30 Jul 13","1.1515"
"29 Jul 13","1.1581"
"26 Jul 13","1.1587"
"25 Jul 13","1.1571"
"24 Jul 13","1.1602"
"23 Jul 13","1.1626"
"22 Jul 13","1.1648"
"19 Jul 13","1.1615"
"18 Jul 13","1.1612"
"17 Jul 13","1.1588"
"16 Jul 13","1.1513"
"15 Jul 13","1.1577"
"12 Jul 13","1.1582"
"11 Jul 13","1.1591"
"10 Jul 13","1.1624"
"09 Jul 13","1.1599"
"08 Jul 13","1.1611"
"05 Jul 13","1.1596"
"04 Jul 13","1.1667"
"03 Jul 13","1.1763"
"02 Jul 13","1.1639"
"01 Jul 13","1.1679"
"28 Jun 13","1.1668"
"27 Jun 13","1.1694"
"26 Jun 13","1.1797"
"25 Jun 13","1.1782"
"24 Jun 13","1.1761"
"21 Jun 13","1.1715"
"20 Jun 13","1.1737"
"19 Jun 13","1.1682"
"18 Jun 13","1.1655"
"17 Jun 13","1.1772"
"14 Jun 13","1.1752"
"13 Jun 13","1.1789"
"12 Jun 13","1.1762"
"11 Jun 13","1.175"
"10 Jun 13","1.1767"
"07 Jun 13","1.1753"
"06 Jun 13","1.1765"
"05 Jun 13","1.1762"
"04 Jun 13","1.17"
"03 Jun 13","1.1739"
"31 May 13","1.1698"
"30 May 13","1.1655"
"29 May 13","1.1657"
"28 May 13","1.1695"
"24 May 13","1.171"
"23 May 13","1.1676"
"22 May 13","1.1683"
"21 May 13","1.1762"
"20 May 13","1.184"
"17 May 13","1.1848"
"16 May 13","1.1852"
"15 May 13","1.1838"
"14 May 13","1.1755"
"13 May 13","1.1818"
"10 May 13","1.1837"
"09 May 13","1.1833"
"08 May 13","1.1816"
"07 May 13","1.1821"
"03 May 13","1.187"
"02 May 13","1.1868"
"01 May 13","1.1788"
"30 Apr 13","1.1803"
"29 Apr 13","1.1827"
"26 Apr 13","1.1891"
"25 Apr 13","1.1872"
"24 Apr 13","1.1748"
"23 Apr 13","1.1744"
"22 Apr 13","1.17"
"19 Apr 13","1.1664"
"18 Apr 13","1.1689"
"17 Apr 13","1.1681"
"16 Apr 13","1.1645"
"15 Apr 13","1.1702"
"12 Apr 13","1.1733"
"11 Apr 13","1.1727"
"10 Apr 13","1.1712"
"09 Apr 13","1.1713"
"08 Apr 13","1.174"
"05 Apr 13","1.179"
"04 Apr 13","1.1809"
"03 Apr 13","1.1781"
"02 Apr 13","1.1783"
"28 Mar 13","1.1823"
"27 Mar 13","1.1822"
"26 Mar 13","1.1786"
"25 Mar 13","1.1786"
"22 Mar 13","1.1726"
"21 Mar 13","1.1744"
"20 Mar 13","1.1685"
"19 Mar 13","1.173"
"18 Mar 13","1.1659"
"15 Mar 13","1.1583"
"14 Mar 13","1.1596"
"13 Mar 13","1.1524"
"12 Mar 13","1.1432"
"11 Mar 13","1.1446"
"08 Mar 13","1.1496"
"07 Mar 13","1.1503"
"06 Mar 13","1.158"
"05 Mar 13","1.1607"
"04 Mar 13","1.1583"
"01 Mar 13","1.156"
"28 Feb 13","1.1609"
"27 Feb 13","1.1545"
"26 Feb 13","1.1571"
"25 Feb 13","1.1435"
"22 Feb 13","1.1599"
"21 Feb 13","1.154"
"20 Feb 13","1.1446"
"19 Feb 13","1.1562"
"18 Feb 13","1.1596"
"15 Feb 13","1.1628"
"14 Feb 13","1.1638"
"13 Feb 13","1.1569"
"12 Feb 13","1.163"
"11 Feb 13","1.1706"
"08 Feb 13","1.1835"
"07 Feb 13","1.1727"
"06 Feb 13","1.1562"
"05 Feb 13","1.1583"
"04 Feb 13","1.1608"
"01 Feb 13","1.1497"
"31 Jan 13","1.1681"
"30 Jan 13","1.1638"
"29 Jan 13","1.1683"
"28 Jan 13","1.1669"
"25 Jan 13","1.173"
"24 Jan 13","1.1802"
"23 Jan 13","1.1927"
"22 Jan 13","1.1943"
"21 Jan 13","1.1892"
"18 Jan 13","1.1934"
"17 Jan 13","1.1956"
"16 Jan 13","1.203"
"15 Jan 13","1.2053"
"14 Jan 13","1.2021"
"11 Jan 13","1.2083"
"10 Jan 13","1.2189"
"09 Jan 13","1.2273"
"08 Jan 13","1.2274"
"07 Jan 13","1.2279"
"04 Jan 13","1.2294"
"03 Jan 13","1.2341"
"02 Jan 13","1.2299"
"31 Dec 12","1.2263"
"28 Dec 12","1.2219"
"27 Dec 12","1.2194"
"24 Dec 12","1.2238"
"21 Dec 12","1.2283"
"20 Dec 12","1.2285"
"19 Dec 12","1.2271"
"18 Dec 12","1.2297"
"17 Dec 12","1.2308"
"14 Dec 12","1.2296"
"13 Dec 12","1.2329"
"12 Dec 12","1.2359"
"11 Dec 12","1.2389"
"10 Dec 12","1.2436"
"07 Dec 12","1.2393"
"06 Dec 12","1.2383"
"05 Dec 12","1.2315"
"04 Dec 12","1.2309"
"03 Dec 12","1.2314"
"30 Nov 12","1.2324"
"29 Nov 12","1.2357"
"28 Nov 12","1.2382"
"27 Nov 12","1.2395"
"26 Nov 12","1.2359"
"23 Nov 12","1.2355"
"22 Nov 12","1.2376"
"21 Nov 12","1.2431"
"20 Nov 12","1.2432"
"19 Nov 12","1.2418"
"16 Nov 12","1.2472"
"15 Nov 12","1.2409"
"14 Nov 12","1.2447"
"13 Nov 12","1.2503"
"12 Nov 12","1.2483"
"09 Nov 12","1.2519"
"08 Nov 12","1.2549"
"07 Nov 12","1.2534"
"06 Nov 12","1.2484"
"05 Nov 12","1.2496"
"02 Nov 12","1.2486"
"01 Nov 12","1.2476"
"31 Oct 12","1.2432"
"30 Oct 12","1.2392"
"29 Oct 12","1.2418"
"26 Oct 12","1.2447"
"25 Oct 12","1.2455"
"24 Oct 12","1.236"
"23 Oct 12","1.2296"
"22 Oct 12","1.2268"
"19 Oct 12","1.2295"
"18 Oct 12","1.2324"
"17 Oct 12","1.2321"
"16 Oct 12","1.2364"
"15 Oct 12","1.241"
"12 Oct 12","1.2405"
"11 Oct 12","1.2391"
"10 Oct 12","1.2417"
"09 Oct 12","1.2407"
"08 Oct 12","1.2359"
"05 Oct 12","1.24"
"04 Oct 12","1.243"
"03 Oct 12","1.2458"
"02 Oct 12","1.2476"
"01 Oct 12","1.2515"
"28 Sep 12","1.2554"
"27 Sep 12","1.2589"
"26 Sep 12","1.2575"
"25 Sep 12","1.254"
"24 Sep 12","1.254"
"21 Sep 12","1.2515"
"20 Sep 12","1.2509"
"19 Sep 12","1.2424"
"18 Sep 12","1.245"
"17 Sep 12","1.2384"
"14 Sep 12","1.2356"
"13 Sep 12","1.2486"
"12 Sep 12","1.2492"
"11 Sep 12","1.2506"
"10 Sep 12","1.2522"
"07 Sep 12","1.2519"
"06 Sep 12","1.2612"
"05 Sep 12","1.2628"
"04 Sep 12","1.2644"
"03 Sep 12","1.2633"
"31 Aug 12","1.26"
"30 Aug 12","1.2652"
"29 Aug 12","1.2636"
"28 Aug 12","1.2596"
"24 Aug 12","1.2635"
"23 Aug 12","1.2627"
"22 Aug 12","1.2676"
"21 Aug 12","1.2647"
"20 Aug 12","1.2726"
"17 Aug 12","1.2747"
"16 Aug 12","1.2734"
"15 Aug 12","1.2779"
"14 Aug 12","1.2729"
"13 Aug 12","1.2715"
"10 Aug 12","1.2742"
"09 Aug 12","1.2703"
"08 Aug 12","1.2674"
"07 Aug 12","1.26"
"06 Aug 12","1.2579"
"03 Aug 12","1.2643"
"02 Aug 12","1.2763"
"01 Aug 12","1.2677"
"31 Jul 12","1.2723"
"30 Jul 12","1.2821"
"27 Jul 12","1.2701"
"26 Jul 12","1.2762"
"25 Jul 12","1.2763"
"24 Jul 12","1.2848"
"23 Jul 12","1.2802"
"20 Jul 12","1.2848"
"19 Jul 12","1.2812"
"18 Jul 12","1.2739"
"17 Jul 12","1.2748"
"16 Jul 12","1.2762"
"13 Jul 12","1.2697"
"12 Jul 12","1.2643"
"11 Jul 12","1.2705"
"10 Jul 12","1.2644"
"09 Jul 12","1.2621"
"06 Jul 12","1.2601"
"05 Jul 12","1.2535"
"04 Jul 12","1.2451"
"03 Jul 12","1.2436"
"02 Jul 12","1.2467"
"29 Jun 12","1.2361"
"28 Jun 12","1.2479"
"27 Jun 12","1.2482"
"26 Jun 12","1.2507"
"25 Jun 12","1.2469"
"22 Jun 12","1.2412"
"21 Jun 12","1.2421"
"20 Jun 12","1.2391"
"19 Jun 12","1.2394"
"18 Jun 12","1.2456"
"15 Jun 12","1.239"
"14 Jun 12","1.2339"
"13 Jun 12","1.2393"
"12 Jun 12","1.248"
"11 Jun 12","1.2397"
"08 Jun 12","1.2367"
"07 Jun 12","1.2398"
"06 Jun 12","1.237"
"01 Jun 12","1.2403"
"31 May 12","1.2449"
"30 May 12","1.2535"
"29 May 12","1.2507"
"28 May 12","1.2526"
"25 May 12","1.2498"
"24 May 12","1.2462"
"23 May 12","1.2489"
"22 May 12","1.2382"
"21 May 12","1.2377"
"18 May 12","1.2424"
"17 May 12","1.2444"
"16 May 12","1.2495"
"15 May 12","1.2554"
"14 May 12","1.2544"
"11 May 12","1.2437"
"10 May 12","1.2468"
"09 May 12","1.245"
"08 May 12","1.2419"
"04 May 12","1.2322"
"03 May 12","1.2318"
"02 May 12","1.2321"
"01 May 12","1.2264"
"30 Apr 12","1.227"
"27 Apr 12","1.2246"
"26 Apr 12","1.2235"
"25 Apr 12","1.2222"
"24 Apr 12","1.2232"
"23 Apr 12","1.2265"
"20 Apr 12","1.2202"
"19 Apr 12","1.222"
"18 Apr 12","1.2217"
"17 Apr 12","1.212"
"16 Apr 12","1.2128"
"13 Apr 12","1.2141"
"12 Apr 12","1.2109"
"11 Apr 12","1.2122"
"10 Apr 12","1.2106"
"05 Apr 12","1.2118"
"04 Apr 12","1.2101"
"03 Apr 12","1.1974"
"02 Apr 12","1.204"
"30 Mar 12","1.2"
"29 Mar 12","1.1981"
"28 Mar 12","1.1926"
"27 Mar 12","1.1986"
"26 Mar 12","1.1959"
"23 Mar 12","1.1959"
"22 Mar 12","1.198"
"21 Mar 12","1.2013"
"20 Mar 12","1.1992"
"19 Mar 12","1.2003"
"16 Mar 12","1.2029"
"15 Mar 12","1.1989"
"14 Mar 12","1.2044"
"13 Mar 12","1.2004"
"12 Mar 12","1.1884"
"09 Mar 12","1.1962"
"08 Mar 12","1.1918"
"07 Mar 12","1.1972"
"06 Mar 12","1.2"
"05 Mar 12","1.1995"
"02 Mar 12","1.2007"
"01 Mar 12","1.1969"
"29 Feb 12","1.1944"
"28 Feb 12","1.1797"
"27 Feb 12","1.1826"
"24 Feb 12","1.1778"
"23 Feb 12","1.1794"
"22 Feb 12","1.1833"
"21 Feb 12","1.1927"
"20 Feb 12","1.1962"
"17 Feb 12","1.2013"
"16 Feb 12","1.2076"
"15 Feb 12","1.201"
"14 Feb 12","1.1932"
"13 Feb 12","1.1947"
"10 Feb 12","1.1943"
"09 Feb 12","1.1908"
"08 Feb 12","1.1938"
"07 Feb 12","1.1986"
"06 Feb 12","1.2078"
"03 Feb 12","1.2041"
"02 Feb 12","1.201"
"01 Feb 12","1.2016"
"31 Jan 12","1.2055"
"30 Jan 12","1.1959"
"27 Jan 12","1.1931"
"26 Jan 12","1.1929"
"25 Jan 12","1.2013"
"24 Jan 12","1.2008"
"23 Jan 12","1.1953"
"20 Jan 12","1.2016"
"19 Jan 12","1.2004"
"18 Jan 12","1.2021"
"17 Jan 12","1.2055"
"16 Jan 12","1.2095"
"13 Jan 12","1.2068"
"12 Jan 12","1.1971"
"11 Jan 12","1.2105"
"10 Jan 12","1.2121"
"09 Jan 12","1.2127"
"06 Jan 12","1.2119"
"05 Jan 12","1.21"
"04 Jan 12","1.2093"
"03 Jan 12","1.1979"
"30 Dec 11","1.195"
"29 Dec 11","1.1917"
"28 Dec 11","1.195"
"23 Dec 11","1.1999"
"22 Dec 11","1.2008"
"21 Dec 11","1.2003"
"20 Dec 11","1.1968"
"19 Dec 11","1.1929"
"16 Dec 11","1.1901"
"15 Dec 11","1.1908"
"14 Dec 11","1.1899"
"13 Dec 11","1.1871"
"12 Dec 11","1.1819"
"09 Dec 11","1.1688"
"08 Dec 11","1.1741"
"07 Dec 11","1.1707"
"06 Dec 11","1.1659"
"05 Dec 11","1.1664"
"02 Dec 11","1.1636"
"01 Dec 11","1.1642"
"30 Nov 11","1.1683"
"29 Nov 11","1.1707"
"28 Nov 11","1.1643"
"25 Nov 11","1.1668"
"24 Nov 11","1.164"
"23 Nov 11","1.1622"
"22 Nov 11","1.1595"
"21 Nov 11","1.1602"
"18 Nov 11","1.1678"
"17 Nov 11","1.1685"
"16 Nov 11","1.1671"
"15 Nov 11","1.1699"
"14 Nov 11","1.1664"
"11 Nov 11","1.1706"
"10 Nov 11","1.1689"
"09 Nov 11","1.174"
"08 Nov 11","1.1652"
"07 Nov 11","1.1659"
"04 Nov 11","1.1646"
"03 Nov 11","1.1612"
"02 Nov 11","1.1572"
"01 Nov 11","1.166"
"31 Oct 11","1.1571"
"28 Oct 11","1.139"
"27 Oct 11","1.1355"
"26 Oct 11","1.1514"
"25 Oct 11","1.1485"
"24 Oct 11","1.1492"
"21 Oct 11","1.1477"
"20 Oct 11","1.1451"
"19 Oct 11","1.147"
"18 Oct 11","1.1429"
"17 Oct 11","1.1463"
"14 Oct 11","1.1393"
"13 Oct 11","1.1476"
"12 Oct 11","1.1436"
"11 Oct 11","1.1454"
"10 Oct 11","1.1477"
"07 Oct 11","1.1574"
"06 Oct 11","1.1477"
"05 Oct 11","1.1589"
"04 Oct 11","1.1603"
"03 Oct 11","1.1659"
"30 Sep 11","1.1611"
"29 Sep 11","1.1487"
"28 Sep 11","1.1509"
"27 Sep 11","1.1514"
"26 Sep 11","1.1539"
"23 Sep 11","1.1419"
"22 Sep 11","1.1392"
"21 Sep 11","1.1399"
"20 Sep 11","1.1468"
"19 Sep 11","1.1491"
"16 Sep 11","1.1459"
"15 Sep 11","1.1412"
"14 Sep 11","1.151"
"13 Sep 11","1.1546"
"12 Sep 11","1.1611"
"09 Sep 11","1.1593"
"08 Sep 11","1.1475"
"07 Sep 11","1.1361"
"06 Sep 11","1.14"
"05 Sep 11","1.1408"
"02 Sep 11","1.1406"
"01 Sep 11","1.134"
"31 Aug 11","1.1309"
"30 Aug 11","1.1277"
"26 Aug 11","1.13"
"25 Aug 11","1.1332"
"24 Aug 11","1.1382"
"23 Aug 11","1.1461"
"22 Aug 11","1.1433"
"19 Aug 11","1.1495"
"18 Aug 11","1.15"
"17 Aug 11","1.1462"
"16 Aug 11","1.1406"
"15 Aug 11","1.1355"
"12 Aug 11","1.1449"
"11 Aug 11","1.137"
"10 Aug 11","1.1383"
"09 Aug 11","1.1405"
"08 Aug 11","1.1496"
"05 Aug 11","1.1545"
"04 Aug 11","1.153"
"03 Aug 11","1.1481"
"02 Aug 11","1.1461"
"01 Aug 11","1.1451"
"29 Jul 11","1.1421"
"28 Jul 11","1.142"
"27 Jul 11","1.136"
"26 Jul 11","1.1314"
"25 Jul 11","1.1358"
"22 Jul 11","1.1355"
"21 Jul 11","1.1336"
"20 Jul 11","1.1369"
"19 Jul 11","1.1392"
"18 Jul 11","1.1421"
"15 Jul 11","1.1411"
"14 Jul 11","1.1388"
"13 Jul 11","1.1357"
"12 Jul 11","1.1377"
"11 Jul 11","1.1356"
"08 Jul 11","1.1259"
"07 Jul 11","1.1124"
"06 Jul 11","1.1168"
"05 Jul 11","1.1131"
"04 Jul 11","1.107"
"01 Jul 11","1.1079"
"30 Jun 11","1.1073"
"29 Jun 11","1.1131"
"28 Jun 11","1.1143"
"27 Jun 11","1.1207"
"24 Jun 11","1.1274"
"23 Jun 11","1.1293"
"22 Jun 11","1.1178"
"21 Jun 11","1.1283"
"20 Jun 11","1.1327"
"17 Jun 11","1.1298"
"16 Jun 11","1.14"
"15 Jun 11","1.1376"
"14 Jun 11","1.132"
"13 Jun 11","1.1343"
"10 Jun 11","1.1302"
"09 Jun 11","1.1281"
"08 Jun 11","1.1209"
"07 Jun 11","1.1205"
"06 Jun 11","1.1196"
"03 Jun 11","1.1234"
"02 Jun 11","1.1312"
"01 Jun 11","1.1369"
"31 May 11","1.1451"
"27 May 11","1.1545"
"26 May 11","1.1594"
"25 May 11","1.1562"
"24 May 11","1.1473"
"23 May 11","1.1496"
"20 May 11","1.1443"
"19 May 11","1.1342"
"18 May 11","1.1329"
"17 May 11","1.1442"
"16 May 11","1.1403"
"13 May 11","1.141"
"12 May 11","1.146"
"11 May 11","1.1512"
"10 May 11","1.1388"
"09 May 11","1.1427"
"06 May 11","1.1322"
"05 May 11","1.1232"
"04 May 11","1.1115"
"03 May 11","1.1112"
"28 Apr 11","1.1231"
"27 Apr 11","1.1283"
"26 Apr 11","1.1247"
"21 Apr 11","1.1374"
"20 Apr 11","1.1307"
"19 Apr 11","1.1399"
"18 Apr 11","1.1404"
"15 Apr 11","1.1309"
"14 Apr 11","1.1314"
"13 Apr 11","1.1232"
"12 Apr 11","1.1221"
"11 Apr 11","1.1357"
"08 Apr 11","1.1351"
"07 Apr 11","1.1415"
"06 Apr 11","1.1374"
"05 Apr 11","1.1459"
"04 Apr 11","1.134"
"01 Apr 11","1.1333"
"31 Mar 11","1.1297"
"30 Mar 11","1.1395"
"29 Mar 11","1.1355"
"28 Mar 11","1.135"
"25 Mar 11","1.1374"
"24 Mar 11","1.1382"
"23 Mar 11","1.1503"
"22 Mar 11","1.1531"
"21 Mar 11","1.1473"
"18 Mar 11","1.1447"
"17 Mar 11","1.1514"
"16 Mar 11","1.1513"
"15 Mar 11","1.15"
"14 Mar 11","1.1578"
"11 Mar 11","1.1572"
"10 Mar 11","1.1628"
"09 Mar 11","1.1647"
"08 Mar 11","1.1625"
"07 Mar 11","1.1583"
"04 Mar 11","1.1625"
"03 Mar 11","1.1679"
"02 Mar 11","1.1761"
"01 Mar 11","1.1792"
"28 Feb 11","1.1775"
"25 Feb 11","1.1692"
"24 Feb 11","1.1682"
"23 Feb 11","1.1797"
"22 Feb 11","1.1815"
"21 Feb 11","1.1865"
"18 Feb 11","1.1884"
"17 Feb 11","1.1895"
"16 Feb 11","1.1867"
"15 Feb 11","1.1958"
"14 Feb 11","1.1882"
"11 Feb 11","1.1809"
"10 Feb 11","1.1824"
"09 Feb 11","1.1755"
"08 Feb 11","1.1774"
"07 Feb 11","1.1896"
"04 Feb 11","1.1849"
"03 Feb 11","1.1846"
"02 Feb 11","1.1725"
"01 Feb 11","1.1713"
"31 Jan 11","1.1684"
"28 Jan 11","1.1629"
"27 Jan 11","1.1606"
"26 Jan 11","1.1601"
"25 Jan 11","1.1572"
"24 Jan 11","1.1702"
"21 Jan 11","1.177"
"20 Jan 11","1.1813"
"19 Jan 11","1.1847"
"18 Jan 11","1.1938"
"17 Jan 11","1.1972"
"14 Jan 11","1.1885"
"13 Jan 11","1.1889"
"12 Jan 11","1.2016"
"11 Jan 11","1.2036"
"10 Jan 11","1.2032"
"07 Jan 11","1.1993"
"06 Jan 11","1.1874"
"05 Jan 11","1.1765"
"04 Jan 11","1.171"
"31 Dec 10","1.167"
"30 Dec 10","1.1587"
"29 Dec 10","1.1743"
"24 Dec 10","1.1774"
"23 Dec 10","1.1787"
"22 Dec 10","1.1757"
"21 Dec 10","1.1785"
"20 Dec 10","1.1831"
"17 Dec 10","1.1763"
"16 Dec 10","1.182"
"15 Dec 10","1.1721"
"14 Dec 10","1.1794"
"13 Dec 10","1.1845"
"10 Dec 10","1.1946"
"09 Dec 10","1.1936"
"08 Dec 10","1.1937"
"07 Dec 10","1.1853"
"06 Dec 10","1.1806"
"03 Dec 10","1.1746"
"02 Dec 10","1.181"
"01 Dec 10","1.1922"
"30 Nov 10","1.1964"
"29 Nov 10","1.1865"
"26 Nov 10","1.1812"
"25 Nov 10","1.1785"
"24 Nov 10","1.1782"
"23 Nov 10","1.1817"
"22 Nov 10","1.1715"
"19 Nov 10","1.1678"
"18 Nov 10","1.1756"
"17 Nov 10","1.1756"
"16 Nov 10","1.174"
"15 Nov 10","1.1818"
"12 Nov 10","1.1787"
"11 Nov 10","1.1818"
"10 Nov 10","1.1701"
"09 Nov 10","1.1584"
"08 Nov 10","1.1613"
"05 Nov 10","1.1551"
"04 Nov 10","1.1447"
"03 Nov 10","1.1474"
"02 Nov 10","1.1414"
"01 Nov 10","1.1554"
"29 Oct 10","1.1503"
"28 Oct 10","1.1467"
"27 Oct 10","1.1452"
"26 Oct 10","1.1441"
"25 Oct 10","1.1248"
"22 Oct 10","1.1252"
"21 Oct 10","1.126"
"20 Oct 10","1.135"
"19 Oct 10","1.1403"
"18 Oct 10","1.1383"
"15 Oct 10","1.1427"
"14 Oct 10","1.1371"
"13 Oct 10","1.1345"
"12 Oct 10","1.141"
"11 Oct 10","1.1448"
"08 Oct 10","1.1433"
"07 Oct 10","1.1435"
"06 Oct 10","1.1439"
"05 Oct 10","1.1505"
"04 Oct 10","1.1577"
"01 Oct 10","1.1502"
"30 Sep 10","1.154"
"29 Sep 10","1.1618"
"28 Sep 10","1.1667"
"27 Sep 10","1.1753"
"24 Sep 10","1.1734"
"23 Sep 10","1.1788"
"22 Sep 10","1.168"
"21 Sep 10","1.1835"
"20 Sep 10","1.1904"
"17 Sep 10","1.1986"
"16 Sep 10","1.1936"
"15 Sep 10","1.2002"
"14 Sep 10","1.1943"
"13 Sep 10","1.1992"
"10 Sep 10","1.2088"
"09 Sep 10","1.2148"
"08 Sep 10","1.2149"
"07 Sep 10","1.2027"
"06 Sep 10","1.1968"
"03 Sep 10","1.2002"
"02 Sep 10","1.2006"
"01 Sep 10","1.2061"
"31 Aug 10","1.2091"
"27 Aug 10","1.2166"
"26 Aug 10","1.2233"
"25 Aug 10","1.2215"
"24 Aug 10","1.2185"
"23 Aug 10","1.2251"
"20 Aug 10","1.2225"
"19 Aug 10","1.2149"
"18 Aug 10","1.2131"
"17 Aug 10","1.2107"
"16 Aug 10","1.2201"
"13 Aug 10","1.2213"
"12 Aug 10","1.2131"
"11 Aug 10","1.2141"
"10 Aug 10","1.2026"
"09 Aug 10","1.2047"
"06 Aug 10","1.2017"
"05 Aug 10","1.2036"
"04 Aug 10","1.2079"
"03 Aug 10","1.2065"
"02 Aug 10","1.2055"
"30 Jul 10","1.2019"
"29 Jul 10","1.1929"
"28 Jul 10","1.2002"
"27 Jul 10","1.1978"
"26 Jul 10","1.196"
"23 Jul 10","1.2016"
"22 Jul 10","1.1822"
"21 Jul 10","1.1867"
"20 Jul 10","1.1829"
"19 Jul 10","1.1731"
"16 Jul 10","1.1847"
"15 Jul 10","1.1924"
"14 Jul 10","1.1991"
"13 Jul 10","1.1973"
"12 Jul 10","1.1977"
"09 Jul 10","1.1962"
"08 Jul 10","1.1956"
"07 Jul 10","1.2035"
"06 Jul 10","1.2034"
"05 Jul 10","1.2057"
"02 Jul 10","1.2054"
"01 Jul 10","1.2134"
"30 Jun 10","1.2216"
"29 Jun 10","1.2366"
"28 Jun 10","1.2251"
"25 Jun 10","1.2183"
"24 Jun 10","1.2151"
"23 Jun 10","1.2172"
"22 Jun 10","1.2043"
"21 Jun 10","1.197"
"18 Jun 10","1.1954"
"17 Jun 10","1.197"
"16 Jun 10","1.2044"
"15 Jun 10","1.2038"
"14 Jun 10","1.2045"
"11 Jun 10","1.2034"
"10 Jun 10","1.2114"
"09 Jun 10","1.2103"
"08 Jun 10","1.2027"
"07 Jun 10","1.2151"
"04 Jun 10","1.2095"
"03 Jun 10","1.198"
"02 Jun 10","1.1943"
"01 Jun 10","1.1962"
"28 May 10","1.1726"
"27 May 10","1.1802"
"26 May 10","1.1802"
"25 May 10","1.171"
"24 May 10","1.1639"
"21 May 10","1.1502"
"20 May 10","1.1598"
"19 May 10","1.1644"
"18 May 10","1.1667"
"17 May 10","1.1699"
"14 May 10","1.1714"
"13 May 10","1.1681"
"12 May 10","1.1718"
"11 May 10","1.1716"
"10 May 10","1.1675"
"07 May 10","1.1604"
"06 May 10","1.178"
"05 May 10","1.1748"
"04 May 10","1.1597"
"30 Apr 10","1.1515"
"29 Apr 10","1.1535"
"28 Apr 10","1.1513"
"27 Apr 10","1.1522"
"26 Apr 10","1.1606"
"23 Apr 10","1.1492"
"22 Apr 10","1.1567"
"21 Apr 10","1.1501"
"20 Apr 10","1.1407"
"19 Apr 10","1.1363"
"16 Apr 10","1.1405"
"15 Apr 10","1.1425"
"14 Apr 10","1.1345"
"13 Apr 10","1.133"
"12 Apr 10","1.131"
"09 Apr 10","1.142"
"08 Apr 10","1.1414"
"07 Apr 10","1.1395"
"06 Apr 10","1.1358"
"01 Apr 10","1.1288"
"31 Mar 10","1.1208"
"30 Mar 10","1.1254"
"29 Mar 10","1.1121"
"26 Mar 10","1.1125"
"25 Mar 10","1.1153"
"24 Mar 10","1.1173"
"23 Mar 10","1.1133"
"22 Mar 10","1.1138"
"19 Mar 10","1.1098"
"18 Mar 10","1.1208"
"17 Mar 10","1.1133"
"16 Mar 10","1.1042"
"15 Mar 10","1.1018"
"12 Mar 10","1.1033"
"11 Mar 10","1.1001"
"10 Mar 10","1.0955"
"09 Mar 10","1.1033"
"08 Mar 10","1.1039"
"05 Mar 10","1.1098"
"04 Mar 10","1.1062"
"03 Mar 10","1.1005"
"02 Mar 10","1.1006"
"01 Mar 10","1.1083"
"26 Feb 10","1.1154"
"25 Feb 10","1.1279"
"24 Feb 10","1.1354"
"23 Feb 10","1.1385"
"22 Feb 10","1.14"
"19 Feb 10","1.141"
"18 Feb 10","1.1479"
"17 Feb 10","1.1515"
"16 Feb 10","1.1442"
"15 Feb 10","1.1513"
"12 Feb 10","1.1493"
"11 Feb 10","1.1476"
"10 Feb 10","1.1379"
"09 Feb 10","1.1363"
"08 Feb 10","1.1415"
"05 Feb 10","1.1444"
"04 Feb 10","1.1452"
"03 Feb 10","1.1452"
"02 Feb 10","1.1446"
"01 Feb 10","1.1444"
"29 Jan 10","1.1525"
"28 Jan 10","1.1558"
"27 Jan 10","1.1531"
"26 Jan 10","1.1485"
"25 Jan 10","1.145"
"22 Jan 10","1.1413"
"21 Jan 10","1.1508"
"20 Jan 10","1.153"
"19 Jan 10","1.1464"
"18 Jan 10","1.1358"
"15 Jan 10","1.1313"
"14 Jan 10","1.127"
"13 Jan 10","1.121"
"12 Jan 10","1.1136"
"11 Jan 10","1.1117"
"08 Jan 10","1.1141"
"07 Jan 10","1.1124"
"06 Jan 10","1.112"
"05 Jan 10","1.1121"
"04 Jan 10","1.1166"
"31 Dec 09","1.1255"
"30 Dec 09","1.1195"
"29 Dec 09","1.1081"
"24 Dec 09","1.1096"
"23 Dec 09","1.1143"
"22 Dec 09","1.1197"
"21 Dec 09","1.1227"
"18 Dec 09","1.1267"
"17 Dec 09","1.1243"
"16 Dec 09","1.1248"
"15 Dec 09","1.1173"
"14 Dec 09","1.11"
"11 Dec 09","1.11"
"10 Dec 09","1.104"
"09 Dec 09","1.1001"
"08 Dec 09","1.1063"
"07 Dec 09","1.108"
"04 Dec 09","1.1106"
"03 Dec 09","1.0989"
"02 Dec 09","1.1049"
"01 Dec 09","1.1016"
"30 Nov 09","1.0931"
"27 Nov 09","1.1012"
"26 Nov 09","1.1009"
"25 Nov 09","1.106"
"24 Nov 09","1.1092"
"23 Nov 09","1.1091"
"20 Nov 09","1.1122"
"19 Nov 09","1.1185"
"18 Nov 09","1.1197"
"17 Nov 09","1.1317"
"16 Nov 09","1.1198"
"13 Nov 09","1.12"
"12 Nov 09","1.1117"
"11 Nov 09","1.1062"
"10 Nov 09","1.1175"
"09 Nov 09","1.116"
"06 Nov 09","1.1169"
"05 Nov 09","1.115"
"04 Nov 09","1.1176"
"03 Nov 09","1.1169"
"02 Nov 09","1.1054"
"30 Oct 09","1.1168"
"29 Oct 09","1.1174"
"28 Oct 09","1.1091"
"27 Oct 09","1.1021"
"26 Oct 09","1.0943"
"23 Oct 09","1.0878"
"22 Oct 09","1.1044"
"21 Oct 09","1.1081"
"20 Oct 09","1.1005"
"19 Oct 09","1.0968"
"16 Oct 09","1.0988"
"15 Oct 09","1.0889"
"14 Oct 09","1.0706"
"13 Oct 09","1.0691"
"12 Oct 09","1.0659"
"09 Oct 09","1.0798"
"08 Oct 09","1.0906"
"07 Oct 09","1.0838"
"06 Oct 09","1.0803"
"05 Oct 09","1.09"
"02 Oct 09","1.0883"
"01 Oct 09","1.098"
"30 Sep 09","1.0941"
"29 Sep 09","1.0957"
"28 Sep 09","1.0856"
"25 Sep 09","1.0853"
"24 Sep 09","1.0925"
"23 Sep 09","1.111"
"22 Sep 09","1.1068"
"21 Sep 09","1.104"
"18 Sep 09","1.1067"
"17 Sep 09","1.1216"
"16 Sep 09","1.1237"
"15 Sep 09","1.1255"
"14 Sep 09","1.1355"
"11 Sep 09","1.1431"
"10 Sep 09","1.1448"
"09 Sep 09","1.1362"
"08 Sep 09","1.1413"
"07 Sep 09","1.1423"
"04 Sep 09","1.1482"
"03 Sep 09","1.1458"
"02 Sep 09","1.1412"
"01 Sep 09","1.1344"
"28 Aug 09","1.1348"
"27 Aug 09","1.1369"
"26 Aug 09","1.1392"
"25 Aug 09","1.1428"
"24 Aug 09","1.1462"
"21 Aug 09","1.1544"
"20 Aug 09","1.1581"
"19 Aug 09","1.1603"
"18 Aug 09","1.1718"
"17 Aug 09","1.1591"
"14 Aug 09","1.1611"
"13 Aug 09","1.1608"
"12 Aug 09","1.1635"
"11 Aug 09","1.1666"
"10 Aug 09","1.1675"
"07 Aug 09","1.1738"
"06 Aug 09","1.1696"
"05 Aug 09","1.1792"
"04 Aug 09","1.1741"
"03 Aug 09","1.1742"
"31 Jul 09","1.1694"
"30 Jul 09","1.1727"
"29 Jul 09","1.167"
"28 Jul 09","1.1616"
"27 Jul 09","1.1599"
"24 Jul 09","1.1559"
"23 Jul 09","1.16"
"22 Jul 09","1.1567"
"21 Jul 09","1.157"
"20 Jul 09","1.1589"
"17 Jul 09","1.1569"
"16 Jul 09","1.1642"
"15 Jul 09","1.1657"
"14 Jul 09","1.1671"
"13 Jul 09","1.1546"
"10 Jul 09","1.1623"
"09 Jul 09","1.1613"
"08 Jul 09","1.1576"
"07 Jul 09","1.1561"
"06 Jul 09","1.1636"
"03 Jul 09","1.1671"
"02 Jul 09","1.1677"
"01 Jul 09","1.1663"
"30 Jun 09","1.1739"
"29 Jun 09","1.1771"
"26 Jun 09","1.174"
"25 Jun 09","1.1718"
"24 Jun 09","1.175"
"23 Jun 09","1.1644"
"22 Jun 09","1.1812"
"19 Jun 09","1.1801"
"18 Jun 09","1.1707"
"17 Jun 09","1.1747"
"16 Jun 09","1.1835"
"15 Jun 09","1.1809"
"12 Jun 09","1.176"
"11 Jun 09","1.174"
"10 Jun 09","1.1681"
"09 Jun 09","1.162"
"08 Jun 09","1.1533"
"05 Jun 09","1.1432"
"04 Jun 09","1.1423"
"03 Jun 09","1.1549"
"02 Jun 09","1.1583"
"01 Jun 09","1.1603"
"29 May 09","1.1392"
"28 May 09","1.1455"
"27 May 09","1.1511"
"26 May 09","1.1399"
"22 May 09","1.1351"
"21 May 09","1.1416"
"20 May 09","1.1353"
"19 May 09","1.1389"
"18 May 09","1.1345"
"15 May 09","1.1223"
"14 May 09","1.1143"
"13 May 09","1.1144"
"12 May 09","1.119"
"11 May 09","1.1093"
"08 May 09","1.117"
"07 May 09","1.1215"
"06 May 09","1.1315"
"05 May 09","1.1292"
"01 May 09","1.1212"
"30 Apr 09","1.1184"
"29 Apr 09","1.113"
"28 Apr 09","1.1208"
"27 Apr 09","1.1169"
"24 Apr 09","1.1105"
"23 Apr 09","1.1196"
"22 Apr 09","1.1168"
"21 Apr 09","1.1285"
"20 Apr 09","1.1252"
"17 Apr 09","1.1349"
"16 Apr 09","1.1305"
"15 Apr 09","1.137"
"14 Apr 09","1.1236"
"09 Apr 09","1.1097"
"08 Apr 09","1.1069"
"07 Apr 09","1.1114"
"06 Apr 09","1.1038"
"03 Apr 09","1.1028"
"02 Apr 09","1.0963"
"01 Apr 09","1.087"
"31 Mar 09","1.0794"
"30 Mar 09","1.0779"
"27 Mar 09","1.0765"
"26 Mar 09","1.0691"
"25 Mar 09","1.0775"
"24 Mar 09","1.089"
"23 Mar 09","1.0683"
"20 Mar 09","1.0639"
"19 Mar 09","1.0622"
"18 Mar 09","1.0657"
"17 Mar 09","1.0806"
"16 Mar 09","1.0841"
"13 Mar 09","1.0838"
"12 Mar 09","1.0791"
"11 Mar 09","1.0783"
"10 Mar 09","1.0856"
"09 Mar 09","1.0887"
"06 Mar 09","1.1177"
"05 Mar 09","1.1255"
"04 Mar 09","1.1234"
"03 Mar 09","1.1178"
"02 Mar 09","1.1125"
"27 Feb 09","1.1224"
"26 Feb 09","1.1265"
"25 Feb 09","1.1215"
"24 Feb 09","1.1309"
"23 Feb 09","1.1432"
"20 Feb 09","1.1353"
"19 Feb 09","1.1278"
"18 Feb 09","1.1325"
"17 Feb 09","1.1336"
"16 Feb 09","1.1127"
"13 Feb 09","1.118"
"12 Feb 09","1.1153"
"11 Feb 09","1.1125"
"10 Feb 09","1.1269"
"09 Feb 09","1.141"
"06 Feb 09","1.1466"
"05 Feb 09","1.1393"
"04 Feb 09","1.1291"
"03 Feb 09","1.1069"
"02 Feb 09","1.106"
"30 Jan 09","1.1249"
"29 Jan 09","1.095"
"28 Jan 09","1.0818"
"27 Jan 09","1.0759"
"26 Jan 09","1.0612"
"23 Jan 09","1.0686"
"22 Jan 09","1.0608"
"21 Jan 09","1.0669"
"20 Jan 09","1.0816"
"19 Jan 09","1.1043"
"16 Jan 09","1.1195"
"15 Jan 09","1.115"
"14 Jan 09","1.1052"
"13 Jan 09","1.105"
"12 Jan 09","1.1114"
"09 Jan 09","1.1274"
"08 Jan 09","1.108"
"07 Jan 09","1.1109"
"06 Jan 09","1.0979"
"05 Jan 09","1.0684"
"02 Jan 09","1.0407"
"31 Dec 08","1.0342"
"30 Dec 08","1.02"
"29 Dec 08","1.0229"
"24 Dec 08","1.0525"
"23 Dec 08","1.0542"
"22 Dec 08","1.0581"
"19 Dec 08","1.0707"
"18 Dec 08","1.0594"
"17 Dec 08","1.0769"
"16 Dec 08","1.1112"
"15 Dec 08","1.1235"
"12 Dec 08","1.1159"
"11 Dec 08","1.1293"
"10 Dec 08","1.1409"
"09 Dec 08","1.1475"
"08 Dec 08","1.1495"
"05 Dec 08","1.1491"
"04 Dec 08","1.1534"
"03 Dec 08","1.1677"
"02 Dec 08","1.1746"
"01 Dec 08","1.178"
"28 Nov 08","1.2095"
"27 Nov 08","1.1972"
"26 Nov 08","1.1945"
"25 Nov 08","1.1776"
"24 Nov 08","1.1763"
"21 Nov 08","1.1821"
"20 Nov 08","1.1799"
"19 Nov 08","1.1942"
"18 Nov 08","1.187"
"17 Nov 08","1.1851"
"14 Nov 08","1.1693"
"13 Nov 08","1.1783"
"12 Nov 08","1.2019"
"11 Nov 08","1.2289"
"10 Nov 08","1.2247"
"07 Nov 08","1.2329"
"06 Nov 08","1.2432"
"05 Nov 08","1.2379"
"04 Nov 08","1.2394"
"03 Nov 08","1.2425"
"31 Oct 08","1.2745"
"30 Oct 08","1.2656"
"29 Oct 08","1.2683"
"28 Oct 08","1.2497"
"27 Oct 08","1.2428"
"24 Oct 08","1.2433"
"23 Oct 08","1.2573"
"22 Oct 08","1.2656"
"21 Oct 08","1.2859"
"20 Oct 08","1.288"
"17 Oct 08","1.2829"
"16 Oct 08","1.2853"
"15 Oct 08","1.2853"
"14 Oct 08","1.2861"
"13 Oct 08","1.2818"
"10 Oct 08","1.2574"
"09 Oct 08","1.2629"
"08 Oct 08","1.2704"
"07 Oct 08","1.2905"
"06 Oct 08","1.2847"
"03 Oct 08","1.2853"
"02 Oct 08","1.2739"
"01 Oct 08","1.2644"
"30 Sep 08","1.2684"
"29 Sep 08","1.2535"
"26 Sep 08","1.2619"
"25 Sep 08","1.2593"
"24 Sep 08","1.2632"
"23 Sep 08","1.2596"
"22 Sep 08","1.26"
"19 Sep 08","1.2722"
"18 Sep 08","1.2655"
"17 Sep 08","1.2651"
"16 Sep 08","1.2567"
"15 Sep 08","1.2641"
"12 Sep 08","1.2598"
"11 Sep 08","1.2574"
"10 Sep 08","1.2487"
"09 Sep 08","1.248"
"08 Sep 08","1.2419"
"05 Sep 08","1.2386"
"04 Sep 08","1.2325"
"03 Sep 08","1.2286"
"02 Sep 08","1.2301"
"01 Sep 08","1.2327"
"29 Aug 08","1.2388"
"28 Aug 08","1.2425"
"27 Aug 08","1.2499"
"26 Aug 08","1.255"
"22 Aug 08","1.2543"
"21 Aug 08","1.2607"
"20 Aug 08","1.262"
"19 Aug 08","1.2665"
"18 Aug 08","1.269"
"15 Aug 08","1.2686"
"14 Aug 08","1.2589"
"13 Aug 08","1.2545"
"12 Aug 08","1.2752"
"11 Aug 08","1.2784"
"08 Aug 08","1.2747"
"07 Aug 08","1.2646"
"06 Aug 08","1.2651"
"05 Aug 08","1.2624"
"04 Aug 08","1.2593"
"01 Aug 08","1.2683"
"31 Jul 08","1.2696"
"30 Jul 08","1.2721"
"29 Jul 08","1.2702"
"28 Jul 08","1.2652"
"25 Jul 08","1.2682"
"24 Jul 08","1.2653"
"23 Jul 08","1.2722"
"22 Jul 08","1.2608"
"21 Jul 08","1.2583"
"18 Jul 08","1.2593"
"17 Jul 08","1.2636"
"16 Jul 08","1.2618"
"15 Jul 08","1.2553"
"14 Jul 08","1.2531"
"11 Jul 08","1.2499"
"10 Jul 08","1.2525"
"09 Jul 08","1.2577"
"08 Jul 08","1.2575"
"07 Jul 08","1.2573"
"04 Jul 08","1.2633"
"03 Jul 08","1.2617"
"02 Jul 08","1.2557"
"01 Jul 08","1.2641"
"30 Jun 08","1.2632"
"27 Jun 08","1.2644"
"26 Jun 08","1.263"
"25 Jun 08","1.2645"
"24 Jun 08","1.2641"
"23 Jun 08","1.2654"
"20 Jun 08","1.2637"
"19 Jun 08","1.2726"
"18 Jun 08","1.2621"
"17 Jun 08","1.2594"
"16 Jun 08","1.27"
"13 Jun 08","1.2673"
"12 Jun 08","1.2619"
"11 Jun 08","1.2637"
"10 Jun 08","1.2614"
"09 Jun 08","1.2567"
"06 Jun 08","1.2519"
"05 Jun 08","1.2582"
"04 Jun 08","1.2646"
"03 Jun 08","1.272"
"02 Jun 08","1.2647"
"30 May 08","1.2716"
"29 May 08","1.2727"
"28 May 08","1.2674"
"27 May 08","1.2561"
"23 May 08","1.2569"
"22 May 08","1.2605"
"21 May 08","1.2457"
"20 May 08","1.2588"
"19 May 08","1.2562"
"16 May 08","1.2562"
"15 May 08","1.2575"
"14 May 08","1.2562"
"13 May 08","1.2569"
"12 May 08","1.2651"
"09 May 08","1.2611"
"08 May 08","1.2687"
"07 May 08","1.2674"
"06 May 08","1.2707"
"02 May 08","1.2821"
"01 May 08","1.2781"
"30 Apr 08","1.2718"
"29 Apr 08","1.2631"
"28 Apr 08","1.2753"
"25 Apr 08","1.2699"
"24 Apr 08","1.2565"
"23 Apr 08","1.2471"
"22 Apr 08","1.2485"
"21 Apr 08","1.2443"
"18 Apr 08","1.2695"
"17 Apr 08","1.2485"
"16 Apr 08","1.2387"
"15 Apr 08","1.2417"
"14 Apr 08","1.2523"
"11 Apr 08","1.2461"
"10 Apr 08","1.2531"
"09 Apr 08","1.2513"
"08 Apr 08","1.253"
"07 Apr 08","1.2663"
"04 Apr 08","1.2668"
"03 Apr 08","1.2762"
"02 Apr 08","1.2692"
"01 Apr 08","1.2667"
"31 Mar 08","1.2543"
"28 Mar 08","1.2621"
"27 Mar 08","1.2721"
"26 Mar 08","1.2702"
"25 Mar 08","1.2823"
"20 Mar 08","1.2857"
"19 Mar 08","1.2695"
"18 Mar 08","1.2807"
"17 Mar 08","1.2693"
"14 Mar 08","1.3004"
"13 Mar 08","1.3033"
"12 Mar 08","1.3044"
"11 Mar 08","1.3072"
"10 Mar 08","1.312"
"07 Mar 08","1.3115"
"06 Mar 08","1.3084"
"05 Mar 08","1.3031"
"04 Mar 08","1.3037"
"03 Mar 08","1.3042"
"29 Feb 08","1.3104"
"28 Feb 08","1.3108"
"27 Feb 08","1.3171"
"26 Feb 08","1.3253"
"25 Feb 08","1.3269"
"22 Feb 08","1.3276"
"21 Feb 08","1.3252"
"20 Feb 08","1.3248"
"19 Feb 08","1.3234"
"18 Feb 08","1.3321"
"15 Feb 08","1.3361"
"14 Feb 08","1.3484"
"13 Feb 08","1.3475"
"12 Feb 08","1.3435"
"11 Feb 08","1.3435"
"08 Feb 08","1.3425"
"07 Feb 08","1.3388"
"06 Feb 08","1.3373"
"05 Feb 08","1.3417"
"04 Feb 08","1.3335"
"01 Feb 08","1.328"
"31 Jan 08","1.3428"
"30 Jan 08","1.3449"
"29 Jan 08","1.3458"
"28 Jan 08","1.3432"
"25 Jan 08","1.3493"
"24 Jan 08","1.3402"
"23 Jan 08","1.3392"
"22 Jan 08","1.3416"
"21 Jan 08","1.3433"
"18 Jan 08","1.3358"
"17 Jan 08","1.3459"
"16 Jan 08","1.3381"
"15 Jan 08","1.3272"
"14 Jan 08","1.3161"
"11 Jan 08","1.3239"
"10 Jan 08","1.3284"
"09 Jan 08","1.335"
"08 Jan 08","1.3411"
"07 Jan 08","1.3422"
"04 Jan 08","1.3363"
"03 Jan 08","1.339"
"02 Jan 08","1.3441"
"31 Dec 07","1.3619"
"28 Dec 07","1.3554"
"27 Dec 07","1.3647"
"24 Dec 07","1.3756"
"21 Dec 07","1.3805"
"20 Dec 07","1.3814"
"19 Dec 07","1.3924"
"18 Dec 07","1.401"
"17 Dec 07","1.4016"
"14 Dec 07","1.3989"
"13 Dec 07","1.3952"
"12 Dec 07","1.3936"
"11 Dec 07","1.3877"
"10 Dec 07","1.3906"
"07 Dec 07","1.3851"
"06 Dec 07","1.3852"
"05 Dec 07","1.3834"
"04 Dec 07","1.3954"
"03 Dec 07","1.4102"
"30 Nov 07","1.4006"
"29 Nov 07","1.3963"
"28 Nov 07","1.4035"
"27 Nov 07","1.3927"
"26 Nov 07","1.3936"
"23 Nov 07","1.3882"
"22 Nov 07","1.388"
"21 Nov 07","1.3862"
"20 Nov 07","1.3968"
"19 Nov 07","1.4002"
"16 Nov 07","1.3981"
"15 Nov 07","1.3983"
"14 Nov 07","1.4058"
"13 Nov 07","1.4193"
"12 Nov 07","1.4164"
"09 Nov 07","1.4272"
"08 Nov 07","1.4352"
"07 Nov 07","1.4346"
"06 Nov 07","1.4347"
"05 Nov 07","1.4379"
"02 Nov 07","1.4376"
"01 Nov 07","1.442"
"31 Oct 07","1.4358"
"30 Oct 07","1.4331"
"29 Oct 07","1.4307"
"26 Oct 07","1.4263"
"25 Oct 07","1.4327"
"24 Oct 07","1.4387"
"23 Oct 07","1.4381"
"22 Oct 07","1.4333"
"19 Oct 07","1.4359"
"18 Oct 07","1.433"
"17 Oct 07","1.4354"
"16 Oct 07","1.4354"
"15 Oct 07","1.4356"
"12 Oct 07","1.4359"
"11 Oct 07","1.4317"
"10 Oct 07","1.4429"
"09 Oct 07","1.4435"
"08 Oct 07","1.4487"
"05 Oct 07","1.4437"
"04 Oct 07","1.4441"
"03 Oct 07","1.44"
"02 Oct 07","1.4421"
"01 Oct 07","1.4344"
"28 Sep 07","1.4324"
"27 Sep 07","1.4301"
"26 Sep 07","1.4271"
"25 Sep 07","1.4274"
"24 Sep 07","1.4347"
"21 Sep 07","1.4337"
"20 Sep 07","1.4297"
"19 Sep 07","1.4324"
"18 Sep 07","1.4397"
"17 Sep 07","1.4424"
"14 Sep 07","1.4505"
"13 Sep 07","1.4605"
"12 Sep 07","1.4624"
"11 Sep 07","1.4673"
"10 Sep 07","1.4707"
"07 Sep 07","1.4713"
"06 Sep 07","1.4766"
"05 Sep 07","1.4797"
"04 Sep 07","1.4795"
"03 Sep 07","1.4828"
"31 Aug 07","1.4795"
"30 Aug 07","1.4777"
"29 Aug 07","1.4758"
"28 Aug 07","1.4728"
"24 Aug 07","1.4734"
"23 Aug 07","1.4775"
"22 Aug 07","1.4732"
"21 Aug 07","1.4701"
"20 Aug 07","1.4731"
"17 Aug 07","1.4698"
"16 Aug 07","1.4786"
"15 Aug 07","1.4781"
"14 Aug 07","1.4737"
"13 Aug 07","1.4775"
"10 Aug 07","1.4765"
"09 Aug 07","1.4812"
"08 Aug 07","1.4752"
"07 Aug 07","1.4684"
"06 Aug 07","1.4725"
"03 Aug 07","1.4811"
"02 Aug 07","1.4865"
"01 Aug 07","1.4838"
"31 Jul 07","1.4843"
"30 Jul 07","1.4795"
"27 Jul 07","1.487"
"26 Jul 07","1.4915"
"25 Jul 07","1.4954"
"24 Jul 07","1.491"
"23 Jul 07","1.4894"
"20 Jul 07","1.4854"
"19 Jul 07","1.483"
"18 Jul 07","1.4862"
"17 Jul 07","1.4832"
"16 Jul 07","1.4784"
"13 Jul 07","1.4756"
"12 Jul 07","1.4733"
"11 Jul 07","1.4767"
"10 Jul 07","1.4751"
"09 Jul 07","1.4786"
"06 Jul 07","1.4767"
"05 Jul 07","1.4782"
"04 Jul 07","1.4793"
"03 Jul 07","1.4814"
"02 Jul 07","1.4774"
"29 Jun 07","1.4857"
"28 Jun 07","1.4873"
"27 Jun 07","1.4867"
"26 Jun 07","1.4852"
"25 Jun 07","1.4841"
"22 Jun 07","1.4862"
"21 Jun 07","1.4871"
"20 Jun 07","1.4851"
"19 Jun 07","1.4822"
"18 Jun 07","1.4787"
"15 Jun 07","1.4792"
"14 Jun 07","1.4792"
"13 Jun 07","1.4828"
"12 Jun 07","1.4821"
"11 Jun 07","1.4741"
"08 Jun 07","1.4728"
"07 Jun 07","1.4715"
"06 Jun 07","1.4761"
"05 Jun 07","1.4737"
"04 Jun 07","1.4767"
"01 Jun 07","1.4748"
"31 May 07","1.4702"
"30 May 07","1.4705"
"29 May 07","1.4697"
"25 May 07","1.475"
"24 May 07","1.4777"
"23 May 07","1.4745"
"22 May 07","1.4668"
"21 May 07","1.4632"
"18 May 07","1.463"
"17 May 07","1.464"
"16 May 07","1.4606"
"15 May 07","1.4593"
"14 May 07","1.4628"
"11 May 07","1.466"
"10 May 07","1.4674"
"09 May 07","1.4735"
"08 May 07","1.4712"
"04 May 07","1.466"
"03 May 07","1.4655"
"02 May 07","1.4638"
"01 May 07","1.4703"
"30 Apr 07","1.4654"
"27 Apr 07","1.4658"
"26 Apr 07","1.4641"
"25 Apr 07","1.4683"
"24 Apr 07","1.4702"
"23 Apr 07","1.4745"
"20 Apr 07","1.474"
"19 Apr 07","1.4717"
"18 Apr 07","1.4764"
"17 Apr 07","1.4777"
"16 Apr 07","1.4688"
"13 Apr 07","1.4673"
"12 Apr 07","1.4666"
"11 Apr 07","1.4725"
"10 Apr 07","1.4676"
"05 Apr 07","1.4675"
"04 Apr 07","1.4784"
"03 Apr 07","1.4796"
"02 Apr 07","1.4788"
"30 Mar 07","1.4733"
"29 Mar 07","1.4722"
"28 Mar 07","1.4703"
"27 Mar 07","1.4724"
"26 Mar 07","1.4764"
"23 Mar 07","1.4759"
"22 Mar 07","1.4726"
"21 Mar 07","1.4728"
"20 Mar 07","1.4732"
"19 Mar 07","1.4633"
"16 Mar 07","1.4592"
"15 Mar 07","1.4617"
"14 Mar 07","1.462"
"13 Mar 07","1.4638"
"12 Mar 07","1.4631"
"09 Mar 07","1.4732"
"08 Mar 07","1.4704"
"07 Mar 07","1.4685"
"06 Mar 07","1.4691"
"05 Mar 07","1.4702"
"02 Mar 07","1.4762"
"01 Mar 07","1.4872"
"28 Feb 07","1.4836"
"27 Feb 07","1.484"
"26 Feb 07","1.4905"
"23 Feb 07","1.4907"
"22 Feb 07","1.4895"
"21 Feb 07","1.4868"
"20 Feb 07","1.4878"
"19 Feb 07","1.482"
"16 Feb 07","1.4858"
"15 Feb 07","1.4869"
"14 Feb 07","1.4939"
"13 Feb 07","1.4929"
"12 Feb 07","1.5026"
"09 Feb 07","1.4991"
"08 Feb 07","1.5021"
"07 Feb 07","1.5135"
"06 Feb 07","1.5199"
"05 Feb 07","1.5163"
"02 Feb 07","1.5171"
"01 Feb 07","1.5131"
"31 Jan 07","1.5063"
"30 Jan 07","1.5138"
"29 Jan 07","1.5135"
"26 Jan 07","1.5182"
"25 Jan 07","1.5187"
"24 Jan 07","1.5161"
"23 Jan 07","1.5242"
"22 Jan 07","1.5252"
"19 Jan 07","1.5249"
"18 Jan 07","1.5228"
"17 Jan 07","1.5223"
"16 Jan 07","1.5165"
"15 Jan 07","1.5201"
"12 Jan 07","1.5157"
"11 Jan 07","1.5062"
"10 Jan 07","1.4947"
"09 Jan 07","1.4925"
"08 Jan 07","1.4872"
"05 Jan 07","1.4837"
"04 Jan 07","1.4856"
"03 Jan 07","1.4798"
"02 Jan 07","1.4859"
"29 Dec 06","1.4841"
"28 Dec 06","1.491"
"27 Dec 06","1.4896"
"22 Dec 06","1.49"
"21 Dec 06","1.4904"
"20 Dec 06","1.4908"
"19 Dec 06","1.4905"
"18 Dec 06","1.4891"
"15 Dec 06","1.4912"
"14 Dec 06","1.4902"
"13 Dec 06","1.4877"
"12 Dec 06","1.4852"
"11 Dec 06","1.4785"
"08 Dec 06","1.4769"
"07 Dec 06","1.4773"
"06 Dec 06","1.4795"
"05 Dec 06","1.4811"
"04 Dec 06","1.4852"
"01 Dec 06","1.4852"
"30 Nov 06","1.484"
"29 Nov 06","1.4821"
"28 Nov 06","1.4808"
"27 Nov 06","1.4759"
"24 Nov 06","1.4757"
"23 Nov 06","1.4787"
"22 Nov 06","1.4797"
"21 Nov 06","1.4806"
"20 Nov 06","1.4803"
"17 Nov 06","1.4768"
"16 Nov 06","1.4751"
"15 Nov 06","1.4737"
"14 Nov 06","1.4783"
"13 Nov 06","1.4853"
"10 Nov 06","1.4869"
"09 Nov 06","1.4841"
"08 Nov 06","1.492"
"07 Nov 06","1.4913"
"06 Nov 06","1.4918"
"03 Nov 06","1.4961"
"02 Nov 06","1.4937"
"01 Nov 06","1.4929"
"31 Oct 06","1.4943"
"30 Oct 06","1.496"
"27 Oct 06","1.4909"
"26 Oct 06","1.4896"
"25 Oct 06","1.491"
"24 Oct 06","1.4919"
"23 Oct 06","1.4915"
"20 Oct 06","1.4921"
"19 Oct 06","1.489"
"18 Oct 06","1.4919"
"17 Oct 06","1.4908"
"16 Oct 06","1.4864"
"13 Oct 06","1.4851"
"12 Oct 06","1.4809"
"11 Oct 06","1.4794"
"10 Oct 06","1.4799"
"09 Oct 06","1.4802"
"06 Oct 06","1.4854"
"05 Oct 06","1.4792"
"04 Oct 06","1.4849"
"03 Oct 06","1.4828"
"02 Oct 06","1.4791"
"29 Sep 06","1.4749"
"28 Sep 06","1.4767"
"27 Sep 06","1.4858"
"26 Sep 06","1.4951"
"25 Sep 06","1.4908"
"22 Sep 06","1.4859"
"21 Sep 06","1.4912"
"20 Sep 06","1.4872"
"19 Sep 06","1.4853"
"18 Sep 06","1.4796"
"15 Sep 06","1.4846"
"14 Sep 06","1.4829"
"13 Sep 06","1.4786"
"12 Sep 06","1.4781"
"11 Sep 06","1.4675"
"08 Sep 06","1.4721"
"07 Sep 06","1.4718"
"06 Sep 06","1.4706"
"05 Sep 06","1.4778"
"04 Sep 06","1.4807"
"01 Sep 06","1.4866"
"31 Aug 06","1.4858"
"30 Aug 06","1.4852"
"29 Aug 06","1.4837"
"25 Aug 06","1.4797"
"24 Aug 06","1.4783"
"23 Aug 06","1.48"
"22 Aug 06","1.4738"
"21 Aug 06","1.4684"
"18 Aug 06","1.466"
"17 Aug 06","1.4719"
"16 Aug 06","1.4783"
"15 Aug 06","1.4824"
"14 Aug 06","1.4849"
"11 Aug 06","1.4859"
"10 Aug 06","1.4809"
"09 Aug 06","1.4814"
"08 Aug 06","1.4856"
"07 Aug 06","1.4851"
"04 Aug 06","1.4819"
"03 Aug 06","1.4763"
"02 Aug 06","1.4665"
"01 Aug 06","1.4656"
"31 Jul 06","1.4631"
"28 Jul 06","1.4613"
"27 Jul 06","1.464"
"26 Jul 06","1.4639"
"25 Jul 06","1.4629"
"24 Jul 06","1.4654"
"21 Jul 06","1.4655"
"20 Jul 06","1.4636"
"19 Jul 06","1.464"
"18 Jul 06","1.4615"
"17 Jul 06","1.4532"
"14 Jul 06","1.4518"
"13 Jul 06","1.4516"
"12 Jul 06","1.4441"
"11 Jul 06","1.445"
"10 Jul 06","1.4452"
"07 Jul 06","1.4434"
"06 Jul 06","1.4402"
"05 Jul 06","1.4415"
"04 Jul 06","1.4428"
"03 Jul 06","1.4404"
"30 Jun 06","1.4463"
"29 Jun 06","1.4457"
"28 Jun 06","1.4498"
"27 Jun 06","1.4478"
"26 Jun 06","1.4484"
"23 Jun 06","1.4534"
"22 Jun 06","1.4543"
"21 Jun 06","1.4582"
"20 Jun 06","1.4648"
"19 Jun 06","1.4639"
"16 Jun 06","1.4637"
"15 Jun 06","1.4652"
"14 Jun 06","1.4633"
"13 Jun 06","1.4619"
"12 Jun 06","1.464"
"09 Jun 06","1.4573"
"08 Jun 06","1.4551"
"07 Jun 06","1.4518"
"06 Jun 06","1.4516"
"05 Jun 06","1.4503"
"02 Jun 06","1.4583"
"01 Jun 06","1.4574"
"31 May 06","1.4571"
"30 May 06","1.4631"
"26 May 06","1.4582"
"25 May 06","1.464"
"24 May 06","1.463"
"23 May 06","1.4652"
"22 May 06","1.4675"
"19 May 06","1.4725"
"18 May 06","1.4756"
"17 May 06","1.4747"
"16 May 06","1.4675"
"15 May 06","1.4667"
"12 May 06","1.4673"
"11 May 06","1.4659"
"10 May 06","1.4562"
"09 May 06","1.462"
"08 May 06","1.4614"
"05 May 06","1.4593"
"04 May 06","1.4569"
"03 May 06","1.4594"
"02 May 06","1.4551"
"28 Apr 06","1.4432"
"27 Apr 06","1.438"
"26 Apr 06","1.4365"
"25 Apr 06","1.4412"
"24 Apr 06","1.4413"
"21 Apr 06","1.4445"
"20 Apr 06","1.4439"
"19 Apr 06","1.4503"
"18 Apr 06","1.4474"
"13 Apr 06","1.449"
"12 Apr 06","1.446"
"11 Apr 06","1.4406"
"10 Apr 06","1.4404"
"07 Apr 06","1.4376"
"06 Apr 06","1.4324"
"05 Apr 06","1.4257"
"04 Apr 06","1.4315"
"03 Apr 06","1.4339"
"31 Mar 06","1.4332"
"30 Mar 06","1.4375"
"29 Mar 06","1.4447"
"28 Mar 06","1.4484"
"27 Mar 06","1.453"
"24 Mar 06","1.4491"
"23 Mar 06","1.4476"
"22 Mar 06","1.4451"
"21 Mar 06","1.4452"
"20 Mar 06","1.442"
"17 Mar 06","1.4406"
"16 Mar 06","1.4435"
"15 Mar 06","1.45"
"14 Mar 06","1.4522"
"13 Mar 06","1.4499"
"10 Mar 06","1.4528"
"09 Mar 06","1.4571"
"08 Mar 06","1.4558"
"07 Mar 06","1.46"
"06 Mar 06","1.4582"
"03 Mar 06","1.4581"
"02 Mar 06","1.4575"
"01 Mar 06","1.4692"
"28 Feb 06","1.4688"
"27 Feb 06","1.4671"
"24 Feb 06","1.4698"
"23 Feb 06","1.4688"
"22 Feb 06","1.4649"
"21 Feb 06","1.4645"
"20 Feb 06","1.4605"
"17 Feb 06","1.46"
"16 Feb 06","1.4601"
"15 Feb 06","1.4655"
"14 Feb 06","1.4563"
"13 Feb 06","1.4637"
"10 Feb 06","1.4645"
"09 Feb 06","1.4551"
"08 Feb 06","1.4573"
"07 Feb 06","1.4564"
"06 Feb 06","1.4614"
"03 Feb 06","1.4666"
"02 Feb 06","1.4719"
"01 Feb 06","1.4705"
"31 Jan 06","1.4639"
"30 Jan 06","1.4635"
"27 Jan 06","1.4607"
"26 Jan 06","1.4587"
"25 Jan 06","1.4574"
"24 Jan 06","1.4537"
"23 Jan 06","1.4534"
"20 Jan 06","1.4573"
"19 Jan 06","1.4546"
"18 Jan 06","1.4567"
"17 Jan 06","1.4582"
"16 Jan 06","1.4579"
"13 Jan 06","1.4659"
"12 Jan 06","1.4637"
"11 Jan 06","1.4553"
"10 Jan 06","1.4623"
"09 Jan 06","1.4608"
"06 Jan 06","1.4585"
"05 Jan 06","1.4518"
"04 Jan 06","1.4557"
"03 Jan 06","1.4519"
"30 Dec 05","1.4552"
"29 Dec 05","1.457"
"28 Dec 05","1.4491"
"23 Dec 05","1.4593"
"22 Dec 05","1.4633"
"21 Dec 05","1.4721"
"20 Dec 05","1.4801"
"19 Dec 05","1.4696"
"16 Dec 05","1.4764"
"15 Dec 05","1.4752"
"14 Dec 05","1.4744"
"13 Dec 05","1.4829"
"12 Dec 05","1.4827"
"09 Dec 05","1.4837"
"08 Dec 05","1.4798"
"07 Dec 05","1.4782"
"06 Dec 05","1.4759"
"05 Dec 05","1.477"
"02 Dec 05","1.48"
"01 Dec 05","1.477"
"30 Nov 05","1.4683"
"29 Nov 05","1.4599"
"28 Nov 05","1.4588"
"25 Nov 05","1.4626"
"24 Nov 05","1.4625"
"23 Nov 05","1.4599"
"22 Nov 05","1.4609"
"21 Nov 05","1.4642"
"18 Nov 05","1.4636"
"17 Nov 05","1.4672"
"16 Nov 05","1.4707"
"15 Nov 05","1.4845"
"14 Nov 05","1.4856"
"11 Nov 05","1.4868"
"10 Nov 05","1.4873"
"09 Nov 05","1.4832"
"08 Nov 05","1.4785"
"07 Nov 05","1.4774"
"04 Nov 05","1.4812"
"03 Nov 05","1.4794"