First Name,Last Name,Country,MSOA Code,Customer Code
Ronnie,Chapman,US,E02000524,Z100001
Amelia,Powell,Spain,E02000885,Z100002
Louie,Palmer,UK,E02000913,Z100003
Jake,Thornton,Spain,E02000960,Z100004
Riley,Jones,US,E02000676,Z100005
Emily,Bird,Portugal,E02000494,Z100006
Scarlett,Taylor,US,E02000215,Z100007
Alfie,Nash,UK,E02000709,Z100008
Rosie,Brown,Portugal,E02000647,Z100009
Maisie,Sutton,Canada,E02000503,Z100010
Imogen,Jackson,Canada,E02000813,Z100011
Ava,Mills,India,E02000954,Z100012
Isaac,Hale,India,E02000851,Z100013
Ivy,Ball,Germany,E02000183,Z100014
Alfie,Bartlett,Germany,E02000041,Z100015
Phoebe,Hartley,Portugal,E02000781,Z100016
Jessica,Turner,Italy,E02000722,Z100017
Clara,Thompson,Germany,E02000301,Z100018
Esme,Webb,China,E02000217,Z100019
Theodore,Godfrey,UK,E02000877,Z100020
Jaxon,Begum,Spain,E02000012,Z100021
Thomas,Carter,Portugal,E02000550,Z100022
Joseph,Jones,UK,E02000823,Z100023
Emma,Taylor,Poland,E02000927,Z100024
Jessica,Rhodes,Portugal,E02000881,Z100025
Jude,Moore,Portugal,E02000809,Z100026
Roman,Chapman,UK,E02000608,Z100027
Oliver,Fox,US,E02000670,Z100028
Edward,Mitchell,US,E02000786,Z100029
Elijah,Smith,Germany,E02000797,Z100030
Charlotte,Parry,UK,E02000911,Z100031
Imogen,Nelson,Portugal,E02000063,Z100032
Amelia,Rose,Portugal,E02000947,Z100033
Archie,Taylor,Portugal,E02000647,Z100034
Henry,Smith,UK,E02000762,Z100035
Eva,Spencer,Portugal,E02000094,Z100036
Lily,Chandler,Portugal,E02000677,Z100037
Louis,Sheppard,Portugal,E02000928,Z100038
Matthew,Shaw,Spain,E02000655,Z100039
Riley,Richards,US,E02000844,Z100040
Caleb,Lambert,Portugal,E02000412,Z100041
Esme,Lyons,Germany,E02000575,Z100042
Charlie,Mellor,Portugal,E02000941,Z100043
Zachary,Long,Canada,E02000281,Z100044
Evie,Barry,Poland,E02000681,Z100045
Jacob,Khan,Canada,E02000065,Z100046
Charlotte,Bailey,Germany,E02000068,Z100047
Ella,Williams,UK,E02000197,Z100048
Archie,Wright,India,E02000947,Z100049
Harry,Carpenter,UK,E02000217,Z100050
Dylan,Harris,UK,E02000113,Z100051
Gracie,Read,Portugal,E02000598,Z100052
Oscar,Lawrence,US,E02000614,Z100053
Benjamin,Hussain,UK,E02000637,Z100054
Charlie,Peters,Portugal,E02000237,Z100055
Muhammad,Ward,US,E02000715,Z100056
Olivia,Read,Italy,E02000225,Z100057
Michael,Dennis,Canada,E02000555,Z100058
Caleb,Kelly,UK,E02000610,Z100059
Arlo,Davies,Italy,E02000254,Z100060
Mia,Wallace,UK,E02000372,Z100061
Jacob,Fowler,UK,E02000271,Z100062
Beatrice,Roberts,UK,E02000453,Z100063
George,Morris,US,E02000497,Z100064
Hannah,Humphreys,UK,E02000348,Z100065
Thea,Robertson,Portugal,E02000838,Z100066
Oliver,Lee,Spain,E02000217,Z100067
Ellis,Daly,Germany,E02000264,Z100068
Muhammad,Brown,UK,E02000888,Z100069
Maria,Sinclair,UK,E02000968,Z100070
Evie,Webb,Portugal,E02000494,Z100071
Amelia,Edwards,Portugal,E02006798,Z100072
Oliver,Thomas,Canada,E02000202,Z100073
Isabella,Randall,Portugal,E02006793,Z100074
Emily,Ingram,UK,E02000301,Z100075
Muhammad,Richards,Portugal,E02000279,Z100076
Hugo,Carter,UK,E02000955,Z100077
Gracie,Nash,Portugal,E02000925,Z100078
Harriet,Moran,Portugal,E02000428,Z100079
Elizabeth,Hicks,Portugal,E02000383,Z100080
Jayden,Pollard,UK,E02000022,Z100081
Daniel,Williams,US,E02000372,Z100082
Ella,Brown,Portugal,E02000722,Z100083
Tommy,King,UK,E02000012,Z100084
Arthur,Clarke,UK,E02000714,Z100085
Blake,Bennett,Poland,E02000932,Z100086
James,Jennings,Spain,E02000564,Z100087
Leon,Lewis,Canada,E02000879,Z100088
Thomas,Evans,UK,E02000744,Z100089
Esme,Hopkins,US,E02000303,Z100090
Layla,Coles,UK,E02000820,Z100091
Joseph,Lowe,Canada,E02000952,Z100092
Zoe,Davies,China,E02000017,Z100093
Sebastian,Owen,Portugal,E02000152,Z100094
Muhammad,May,Canada,E02000095,Z100095
Poppy,Hunt,Spain,E02000131,Z100096
Sofia,Hicks,UK,E02000903,Z100097
Daisy,Rees,Canada,E02000637,Z100098
Harry,Dickinson,Portugal,E02000135,Z100099
Zachary,Whittaker,Spain,E02000731,Z100100
Harrison,Watson,Spain,E02000384,Z100101
Mohammed,Haynes,US,E02006785,Z100102
Harrison,Porter,UK,E02000635,Z100103
Lucy,Stephenson,UK,E02000462,Z100104
Michael,Quinn,UK,E02000827,Z100105
Amelie,Rogers,UK,E02000185,Z100106
Jasmine,Andrews,Portugal,E02000304,Z100107
Evie,Thornton,Germany,E02000220,Z100108
Elliot,Cooper,Portugal,E02000080,Z100109
Theodore,Edwards,UK,E02006853,Z100110
Isabelle,Ferguson,Portugal,E02000321,Z100111
Jacob,Black,UK,E02000123,Z100112
Emma,Roberts,US,E02000105,Z100113
Oliver,Jones,Poland,E02006786,Z100114
Ava,Mckenzie,China,E02000472,Z100115
Olivia,Griffin,Canada,E02000549,Z100116
Ella,Hopkins,UK,E02000711,Z100117
Nancy,Allen,Portugal,E02000073,Z100118
Sophie,Lee,Portugal,E02000735,Z100119
Maya,Stokes,UK,E02000783,Z100120
Joseph,Booth,US,E02000121,Z100121
Willow,Taylor,Portugal,E02000904,Z100122
Lola,Bartlett,Portugal,E02000911,Z100123
Joshua,Campbell,UK,E02000152,Z100124
Elsie,Jones,UK,E02000010,Z100125
Luna,Lloyd,Poland,E02000260,Z100126
Mohammed,Williamson,Portugal,E02000022,Z100127
Jaxon,Ellis,US,E02000465,Z100128
Rosie,Carter,Germany,E02000055,Z100129
Harley,Ryan,India,E02000400,Z100130
Harrison,Douglas,Germany,E02000955,Z100131
Muhammad,Porter,US,E02000931,Z100132
Thomas,Taylor,UK,E02006929,Z100133
Mason,Begum,Portugal,E02000477,Z100134
Elijah,Hughes,UK,E02000002,Z100135
Eva,Baker,Spain,E02000020,Z100136
Hannah,Burke,Portugal,E02000798,Z100137
Chloe,Ahmed,Portugal,E02000472,Z100138
Poppy,Fisher,Canada,E02000763,Z100139
Iris,Little,UK,E02000039,Z100140
Lily,Walker,Portugal,E02000036,Z100141
Lily,Stevens,US,E02000856,Z100142
Emily,Rhodes,US,E02000931,Z100143
Archie,Williams,US,E02000914,Z100144
Harry,Kaur,Canada,E02000417,Z100145
Amelia,Spencer,US,E02000092,Z100146
Amelia,Griffin,Portugal,E02000733,Z100147
Isabelle,Brown,UK,E02000966,Z100148
Evelyn,Smith,Portugal,E02000668,Z100149
Daisy,Curtis,UK,E02000291,Z100150
Thomas,Campbell,Canada,E02000194,Z100151
Ronnie,Hodgson,Portugal,E02000724,Z100152
Archie,Thomas,Portugal,E02000900,Z100153
Oliver,Hamilton,Canada,E02000513,Z100154
Erin,Buckley,UK,E02000314,Z100155
Isabella,Hanson,US,E02006786,Z100156
Harry,Rees,US,E02000467,Z100157
Sienna,Webster,Portugal,E02000217,Z100158
Charlotte,Murphy,Portugal,E02000264,Z100159
Jessica,Spencer,Poland,E02000834,Z100160
Poppy,Potter,Spain,E02000839,Z100161
Charlotte,Carter,Germany,E02000340,Z100162
Olivia,Goodwin,UK,E02000668,Z100163
Jacob,Green,US,E02000620,Z100164
Sophie,Burke,Portugal,E02000272,Z100165
Samuel,Hughes,Italy,E02000773,Z100166
Tommy,O'sullivan,Canada,E02000017,Z100167
Thomas,Bell,Portugal,E02000363,Z100168
Reggie,Davies,Portugal,E02000389,Z100169
Leo,Shah,UK,E02000124,Z100170
Maria,Pope,Portugal,E02000860,Z100171
Thea,Thomson,Portugal,E02006798,Z100172
Blake,Hart,US,E02000497,Z100173
William,Gallagher,Portugal,E02000703,Z100174
Evelyn,Murray,Portugal,E02000512,Z100175
Violet,Allen,Spain,E02000332,Z100176
Iris,Jordan,Portugal,E02000672,Z100177
Oliver,Perry,Spain,E02000203,Z100178
Harry,Cooper,Spain,E02000074,Z100179
Charlotte,Hill,UK,E02000089,Z100180
Maya,Smith,Poland,E02000339,Z100181
Amelia,Stevens,Portugal,E02000419,Z100182
Jack,Roberts,UK,E02000111,Z100183
Muhammad,Wilson,Spain,E02000807,Z100184
Julia,Foster,Portugal,E02000941,Z100185
Martha,Hawkins,Canada,E02000827,Z100186
Ruby,Carpenter,Spain,E02000055,Z100187
Ella,Payne,Canada,E02000331,Z100188
William,Fowler,Canada,E02000596,Z100189
Oliver,Rogers,Canada,E02000697,Z100190
Emma,Wilson,Poland,E02000489,Z100191
Harper,Jones,Poland,E02000685,Z100192
Thomas,Campbell,Portugal,E02000111,Z100193
Joseph,Wade,Germany,E02000727,Z100194
Anna,Jones,Poland,E02000717,Z100195
Noah,Walton,Portugal,E02000290,Z100196
Amelia,Lowe,UK,E02000203,Z100197
Lexi,Stanley,Portugal,E02000058,Z100198
Chloe,Scott,Canada,E02000140,Z100199
Arthur,Riley,UK,E02000920,Z100200
Logan,Cox,Canada,E02000668,Z100201
Sofia,Riley,UK,E02000724,Z100202
Ryan,Jordan,Portugal,E02000403,Z100203
Scarlett,Brady,Poland,E02000869,Z100204
Penelope,Clarke,US,E02000594,Z100205
Sophia,Watson,Portugal,E02000300,Z100206
Charlotte,Coles,UK,E02000217,Z100207
Isabella,Archer,UK,E02006918,Z100208
Robyn,Reed,US,E02000276,Z100209
Abigail,Dunn,US,E02000227,Z100210
Jessica,Evans,China,E02000565,Z100211
Joshua,Holt,Italy,E02000624,Z100212
Evelyn,Webb,US,E02000055,Z100213
Elizabeth,Kelly,Spain,E02000706,Z100214
Leo,Rahman,Portugal,E02000720,Z100215
Freddie,Williams,US,E02000952,Z100216
Robyn,Hardy,US,E02000319,Z100217
Alice,Davies,Portugal,E02000351,Z100218
Benjamin,Bell,Portugal,E02000219,Z100219
Violet,Gough,India,E02000582,Z100220
Muhammad,Smith,Italy,E02000502,Z100221
Charlie,Farrell,Portugal,E02000444,Z100222
Freddie,Murray,Canada,E02000941,Z100223
Erin,Kent,Germany,E02000802,Z100224
Oliver,Clements,US,E02000041,Z100225
Freddie,Stevenson,Portugal,E02000130,Z100226
Jacob,Mills,Germany,E02000731,Z100227
Carter,Edwards,US,E02000402,Z100228
Poppy,Iqbal,Poland,E02000806,Z100229
Maria,Jenkins,Poland,E02000443,Z100230
Lilly,Shepherd,UK,E02000462,Z100231
Arthur,Lucas,US,E02000453,Z100232
Rosie,Williams,India,E02000263,Z100233
Charlie,Bray,Canada,E02000514,Z100234
Olivia,Wood,India,E02000819,Z100235
Olivia,Hopkins,UK,E02000224,Z100236
Victoria,Jones,Italy,E02000381,Z100237
Holly,Palmer,US,E02000655,Z100238
Samuel,Bevan,US,E02000420,Z100239
Theo,Robson,Canada,E02000780,Z100240
Finley,Alexander,US,E02000628,Z100241
Charlie,Elliott,Portugal,E02000932,Z100242
Isabella,Buckley,Portugal,E02000013,Z100243
Rose,Hill,Canada,E02000467,Z100244
Evie,Savage,Portugal,E02000786,Z100245
Eliza,Adams,US,E02000453,Z100246
Sofia,Green,UK,E02000903,Z100247
Olivia,Holt,Spain,E02000957,Z100248
Freya,Ferguson,US,E02000007,Z100249
James,Jackson,US,E02000875,Z100250
Oliver,Slater,Portugal,E02000867,Z100251
Muhammad,Curtis,Spain,E02000607,Z100252
Nathan,Davey,US,E02000514,Z100253
Finley,Craig,Portugal,E02000823,Z100254
Poppy,Archer,Poland,E02000020,Z100255
Henry,Webb,Poland,E02000080,Z100256
Elliott,Wells,US,E02000752,Z100257
James,Powell,Germany,E02000337,Z100258
Lexi,Wilkinson,Portugal,E02000362,Z100259
Logan,Evans,Portugal,E02000957,Z100260
Penelope,Evans,Italy,E02000899,Z100261
Amelia,Nixon,Portugal,E02000796,Z100262
Oliver,Bell,Portugal,E02000237,Z100263
Max,Smith,US,E02000171,Z100264
Florence,Spencer,Portugal,E02000185,Z100265
Amelie,Robinson,UK,E02000207,Z100266
Joshua,Phillips,UK,E02000203,Z100267
Jack,Bradley,UK,E02000649,Z100268
Lily,Thompson,India,E02000080,Z100269
Holly,Smith,Portugal,E02000317,Z100270
Oliver,Elliott,India,E02000167,Z100271
Frankie,Patel,Germany,E02000772,Z100272
Alice,Jones,Portugal,E02000850,Z100273
Muhammad,Richards,Portugal,E02000554,Z100274
Isaac,Allan,US,E02000264,Z100275
Harrison,Griffiths,Canada,E02006792,Z100276
Sophie,Smith,UK,E02000701,Z100277
Joshua,Ryan,Poland,E02000662,Z100278
Thomas,Williams,UK,E02000814,Z100279
Charlie,Kelly,US,E02000891,Z100280
Samuel,Barker,Portugal,E02000100,Z100281
Thea,Williams,UK,E02000001,Z100282
Elsie,Rogers,US,E02000306,Z100283
Leo,Mitchell,US,E02000083,Z100284
Esme,Shaw,US,E02000316,Z100285
Elsie,Lambert,UK,E02000780,Z100286
Eleanor,Stevenson,UK,E02000808,Z100287
Mia,Ball,US,E02000803,Z100288
Willow,Anderson,Portugal,E02000540,Z100289
Ezra,Chapman,China,E02000371,Z100290
Hannah,Phillips,Portugal,E02000254,Z100291
Harrison,Reynolds,Germany,E02006794,Z100292
Sophia,Riley,UK,E02000081,Z100293
Emily,Reid,UK,E02000065,Z100294
Jasmine,Bradley,India,E02000651,Z100295
William,Miles,India,E02000423,Z100296
Mohammed,Knight,UK,E02000945,Z100297
Ava,Holmes,Spain,E02000434,Z100298
Elizabeth,Jackson,Canada,E02000757,Z100299
Jacob,Pearson,Canada,E02000508,Z100300
Chloe,Miller,UK,E02000645,Z100301
Ella,Reynolds,Portugal,E02000335,Z100302
Rosie,Robertson,Spain,E02000004,Z100303
Thomas,Holmes,Portugal,E02000314,Z100304
Harper,Norris,UK,E02000833,Z100305
Emily,Gibson,US,E02000216,Z100306
Harry,White,Poland,E02000149,Z100307
Isabella,Poole,India,E02000704,Z100308
Mason,Harrison,China,E02000563,Z100309
Imogen,Phillips,Spain,E02000437,Z100310
Isla,Wood,Canada,E02000906,Z100311
Joseph,Fuller,UK,E02000357,Z100312
Oscar,Turner,Poland,E02006929,Z100313
Chloe,Shaw,India,E02000417,Z100314
Noah,Taylor,Portugal,E02000719,Z100315
Erin,Jackson,Spain,E02000777,Z100316
Edward,Phillips,Portugal,E02000072,Z100317
Joshua,Tucker,Portugal,E02000872,Z100318
Esme,Matthews,Germany,E02000789,Z100319
Jacob,Ford,UK,E02000669,Z100320
Ella,Brown,UK,E02000470,Z100321
Mila,Ross,UK,E02000420,Z100322
Isabella,Humphreys,Canada,E02000145,Z100323
James,Riley,Portugal,E02000724,Z100324
Luca,Higgins,Poland,E02000977,Z100325
Jesse,Allen,US,E02000939,Z100326
Gracie,Randall,Italy,E02000213,Z100327
Sebastian,Ashton,China,E02000760,Z100328
Eliza,Jones,Canada,E02000938,Z100329
Dylan,Morris,Portugal,E02000663,Z100330
George,Edwards,Spain,E02000425,Z100331
Oscar,Stephenson,Portugal,E02000213,Z100332
Ellis,Morgan,Portugal,E02000714,Z100333
Zara,Palmer,Portugal,E02006786,Z100334
Mason,Johnson,Poland,E02000262,Z100335
Joshua,Cartwright,Portugal,E02000101,Z100336
Frankie,Brady,Germany,E02000502,Z100337
Bobby,Norton,India,E02000292,Z100338
Ethan,White,UK,E02000929,Z100339
Jacob,Jones,US,E02000457,Z100340
Tommy,Parry,US,E02000514,Z100341
George,Miller,Spain,E02000194,Z100342
Violet,Fisher,Germany,E02000224,Z100343
Charlotte,Peters,UK,E02000958,Z100344
Willow,Baxter,Portugal,E02000111,Z100345
Mason,Ward,Portugal,E02006791,Z100346
Oliver,Cartwright,UK,E02000680,Z100347
Lexi,Singh,UK,E02000101,Z100348
Zachary,Haynes,Poland,E02000131,Z100349
Maria,Hayes,Canada,E02000714,Z100350
Henry,Smith,Italy,E02000382,Z100351
Emily,Turner,UK,E02000933,Z100352
Muhammad,Lewis,Germany,E02000059,Z100353
Adam,Morris,Canada,E02000838,Z100354
Emilia,Williamson,Germany,E02000547,Z100355
Max,Wood,Portugal,E02000400,Z100356
Isla,Evans,Portugal,E02000484,Z100357
Ronnie,Williams,Germany,E02000229,Z100358
Jacob,Marshall,India,E02000057,Z100359
Charlotte,Rose,Portugal,E02000092,Z100360
Grace,Robinson,Italy,E02000883,Z100361
Mohammed,Barnes,Portugal,E02000657,Z100362
Oscar,Hyde,Germany,E02000732,Z100363
Isaac,Jones,Germany,E02000552,Z100364
Leo,White,US,E02000543,Z100365
Thomas,Shah,Canada,E02000201,Z100366
Megan,Burrows,UK,E02000920,Z100367
Arthur,Blackburn,Poland,E02000781,Z100368
Florence,Hayes,UK,E02000116,Z100369
Clara,Anderson,Canada,E02000744,Z100370
Clara,Bird,Canada,E02000025,Z100371
Reuben,Greenwood,US,E02000914,Z100372
Olivia,Robinson,US,E02000433,Z100373
Mia,Griffiths,Canada,E02000840,Z100374
Freya,Smith,Portugal,E02000408,Z100375
Carter,Davies,Canada,E02000291,Z100376
Ethan,Parkinson,Poland,E02000082,Z100377
Harrison,Jennings,Portugal,E02000123,Z100378
Ivy,Griffiths,Portugal,E02000075,Z100379
Alfie,Marsden,Canada,E02000925,Z100380
Harry,Owen,Portugal,E02000088,Z100381
Zachary,Holloway,UK,E02000210,Z100382
Charlotte,Singh,Portugal,E02000275,Z100383
Sara,Evans,Canada,E02000682,Z100384
Molly,Walters,US,E02000033,Z100385
Grace,Roberts,Portugal,E02000952,Z100386
Ava,Hughes,India,E02006800,Z100387
Arthur,Byrne,US,E02000694,Z100388
Reggie,Murray,Portugal,E02000173,Z100389
Sarah,Akhtar,Canada,E02000108,Z100390
Harry,Lane,Canada,E02000945,Z100391
Joshua,Blake,Portugal,E02000147,Z100392
Sarah,Dobson,UK,E02000697,Z100393
Jacob,Brookes,US,E02000356,Z100394
Ava,Richards,Canada,E02000604,Z100395
Teddy,Smith,UK,E02000233,Z100396
Elizabeth,Walker,Portugal,E02000016,Z100397
Isla,Fleming,UK,E02000176,Z100398
Charlie,Gallagher,Portugal,E02000146,Z100399
George,Dobson,Canada,E02000297,Z100400
Millie,Mills,UK,E02000456,Z100401
Scarlett,Moore,Portugal,E02000198,Z100402
Evie,Russell,UK,E02000781,Z100403
Gabriel,Charlton,UK,E02000922,Z100404
Scarlett,Parker,Portugal,E02000111,Z100405
Willow,Jones,Spain,E02000667,Z100406
Liam,Hussain,Portugal,E02000020,Z100407
Rory,Evans,Portugal,E02000461,Z100408
William,Williamson,Canada,E02000262,Z100409
Isla,King,Portugal,E02000591,Z100410
Oliver,Collins,Portugal,E02000797,Z100411
Louie,Brown,Italy,E02000106,Z100412
Ethan,Mason,India,E02000691,Z100413
Ryan,Lewis,US,E02000808,Z100414
Charlotte,Watson,US,E02000003,Z100415
Elsie,Anderson,UK,E02000564,Z100416
Evie,Murphy,Italy,E02000517,Z100417
Isaac,Harrison,China,E02000720,Z100418
Holly,Simpson,Portugal,E02000279,Z100419
Reggie,Douglas,Italy,E02000512,Z100420
Freddie,Burns,Spain,E02000736,Z100421
Clara,Roberts,US,E02000617,Z100422
Dexter,Gough,Spain,E02000101,Z100423
Harry,Williams,US,E02000102,Z100424
Scarlett,Vaughan,UK,E02000366,Z100425
Mason,Barker,Portugal,E02000517,Z100426
Harry,Hope,Portugal,E02000377,Z100427
Emily,Young,Canada,E02000260,Z100428
Robyn,White,China,E02000317,Z100429
Oliver,Lee,US,E02000134,Z100430
Poppy,Reid,UK,E02000969,Z100431
Teddy,Williams,Spain,E02000724,Z100432
Leo,Rowe,Portugal,E02000928,Z100433
Finley,Scott,China,E02000169,Z100434
Hannah,Scott,US,E02000042,Z100435
Emily,Franklin,Portugal,E02000756,Z100436
Isabella,Reynolds,Italy,E02000073,Z100437
Jude,Clayton,UK,E02000891,Z100438
Oliver,Armstrong,UK,E02000358,Z100439
Martha,Hayes,UK,E02000948,Z100440
Mason,Price,Poland,E02000339,Z100441
Matilda,Price,India,E02000721,Z100442
Frankie,Bishop,Poland,E02000936,Z100443
Isla,Whitehouse,UK,E02000009,Z100444
Erin,Thorpe,Poland,E02000258,Z100445
Bella,Stevenson,Germany,E02000616,Z100446
Ethan,Thompson,Portugal,E02000938,Z100447
George,Gilbert,Portugal,E02000544,Z100448
Maisie,Hardy,Portugal,E02000455,Z100449
Oliver,Gibson,Canada,E02000532,Z100450
Erin,Simpson,Spain,E02000455,Z100451
Max,Frost,Portugal,E02000309,Z100452
Hannah,Gill,Italy,E02000255,Z100453
Lily,Marshall,Portugal,E02000203,Z100454
Louie,Shepherd,Portugal,E02000519,Z100455
Finn,Brady,Italy,E02006801,Z100456
Leah,West,India,E02000347,Z100457
Matthew,Cooper,Canada,E02000011,Z100458
Rosie,Ross,Spain,E02000655,Z100459
Stanley,Baker,Spain,E02000745,Z100460
Riley,Coleman,US,E02000727,Z100461
Abigail,Clark,Portugal,E02000783,Z100462
Millie,Bartlett,Portugal,E02000098,Z100463
Benjamin,O'neill,UK,E02000542,Z100464
James,Tucker,Poland,E02000962,Z100465
Louis,Nelson,Portugal,E02000245,Z100466
Edward,Davidson,US,E02000223,Z100467
Toby,Smart,Canada,E02000433,Z100468
Elsie,Hall,Portugal,E02000973,Z100469
Phoebe,Evans,US,E02000485,Z100470
Arthur,Hussain,Canada,E02000365,Z100471
George,Stevens,Poland,E02000098,Z100472
Frederick,Barrett,US,E02000542,Z100473
Lewis,Fletcher,Poland,E02000498,Z100474
Ava,North,US,E02000350,Z100475
Evelyn,Nicholson,India,E02000609,Z100476
Gabriel,Parker,Portugal,E02000374,Z100477
Felicity,Tyler,Portugal,E02000128,Z100478
Abigail,Hill,UK,E02006924,Z100479
Evelyn,O'neill,China,E02000123,Z100480
Maya,Thomas,India,E02006796,Z100481
Max,Ellis,UK,E02000016,Z100482
Joshua,Walton,UK,E02000320,Z100483
Violet,Robson,Spain,E02000549,Z100484
Chloe,Wilkinson,US,E02000352,Z100485
Riley,Price,UK,E02000909,Z100486
Albie,Scott,Portugal,E02000278,Z100487
Freddie,Thomas,India,E02000368,Z100488
Maya,Phillips,US,E02000404,Z100489
Eliza,Noble,Poland,E02000762,Z100490
Jenson,Turner,Portugal,E02000710,Z100491
Elsie,Evans,Portugal,E02000220,Z100492
Sophia,Begum,Portugal,E02000805,Z100493
Ezra,John,US,E02000125,Z100494
Austin,Ward,Germany,E02000321,Z100495
Benjamin,Byrne,UK,E02000513,Z100496
Logan,Singh,UK,E02000036,Z100497
Jack,Evans,India,E02000059,Z100498
Lilly,Edwards,Canada,E02000343,Z100499
Samuel,Nolan,US,E02000114,Z100500
Lily,Parsons,Portugal,E02000903,Z100501
Muhammad,Byrne,US,E02000041,Z100502
Iris,Turner,Canada,E02000640,Z100503
Muhammad,Davies,UK,E02000032,Z100504
Henry,Price,Portugal,E02000425,Z100505
Jessica,Jones,UK,E02000569,Z100506
Archie,Fletcher,Portugal,E02000543,Z100507
Ella,Mason,Portugal,E02000391,Z100508
Grace,Hudson,Portugal,E02000553,Z100509
Jayden,Leonard,Canada,E02000693,Z100510
Evie,Lewis,Poland,E02000250,Z100511
Isabella,Davis,US,E02000968,Z100512
Theo,Jones,Canada,E02000341,Z100513
Louis,Scott,Spain,E02000109,Z100514
Evelyn,Hughes,UK,E02000386,Z100515
Carter,Patel,Portugal,E02000556,Z100516
Evie,Richardson,Spain,E02000257,Z100517
Eliza,Riley,UK,E02000498,Z100518
Ruby,Rees,US,E02000137,Z100519
Oscar,Gallagher,Portugal,E02006802,Z100520
Emilia,Turner,Portugal,E02000489,Z100521
Lily,Miller,Germany,E02000602,Z100522
Gracie,Horton,Portugal,E02000202,Z100523
Elliott,Doyle,Portugal,E02000256,Z100524
Teddy,Reed,Portugal,E02000866,Z100525
Evie,Boyle,Portugal,E02000064,Z100526
Noah,Walters,Portugal,E02000918,Z100527
Lilly,Smith,Spain,E02000060,Z100528
Nathan,Wilkins,China,E02000750,Z100529
Evie,James,UK,E02000749,Z100530
Ella,Stewart,Germany,E02000738,Z100531
Roman,Ward,Portugal,E02000186,Z100532
Nathan,Nicholson,Portugal,E02000966,Z100533
George,Marsh,Canada,E02000539,Z100534
Ellie,Morrison,Portugal,E02000452,Z100535
Logan,Baker,Germany,E02000012,Z100536
Ruby,Hunt,Poland,E02000653,Z100537
Matthew,Lucas,Portugal,E02000535,Z100538
Isaac,Wilson,Germany,E02000819,Z100539
Thomas,Jones,Germany,E02000477,Z100540
Teddy,Kaur,Portugal,E02000008,Z100541
Ava,Graham,Spain,E02000553,Z100542
Alexander,Armstrong,Portugal,E02000017,Z100543
Esme,Walton,Portugal,E02000746,Z100544
Imogen,Quinn,Portugal,E02000287,Z100545
Reggie,Jennings,US,E02000090,Z100546
Arthur,Campbell,Spain,E02000680,Z100547
Amelia,Thornton,UK,E02000946,Z100548
Reuben,Clark,US,E02000890,Z100549
Charlie,Mckenzie,UK,E02000340,Z100550
Mason,Wood,Italy,E02000431,Z100551
Henry,Franklin,Italy,E02000171,Z100552
Muhammad,Lee,Portugal,E02000027,Z100553
Dylan,Ball,Canada,E02000483,Z100554
Poppy,Morris,UK,E02000616,Z100555
Jayden,Hartley,UK,E02000121,Z100556
Daniel,Dunn,US,E02000932,Z100557
Teddy,Wallace,UK,E02000095,Z100558
Kai,Smith,Portugal,E02000826,Z100559
Beatrice,Lee,Poland,E02006928,Z100560
Rosie,Smith,Canada,E02006882,Z100561
George,Tyler,Germany,E02000870,Z100562
Francesca,Lambert,Portugal,E02000405,Z100563
Harry,Andrews,Spain,E02000570,Z100564
Emilia,Wood,US,E02000158,Z100565
Rosie,Williams,UK,E02006787,Z100566
Elijah,Hardy,Portugal,E02000271,Z100567
Sara,Lawrence,Germany,E02000162,Z100568
Roman,Bennett,Spain,E02000425,Z100569
Florence,Kaur,Portugal,E02000579,Z100570
Amelia,Walker,Portugal,E02000931,Z100571
Amelia,Vincent,Poland,E02000095,Z100572
Olivia,Thompson,UK,E02000377,Z100573
Amelia,Middleton,Poland,E02000660,Z100574
Lewis,Baker,Spain,E02000208,Z100575
Charlotte,Kent,UK,E02000508,Z100576
Freddie,Smith,UK,E02000152,Z100577
Finley,Price,UK,E02000710,Z100578
Florence,Middleton,Canada,E02000375,Z100579
Ethan,Ahmed,Canada,E02006921,Z100580
Charles,Ward,Portugal,E02000719,Z100581
Sebastian,Rahman,Germany,E02000140,Z100582
Ivy,Smith,Poland,E02000682,Z100583
Jack,O'connor,Poland,E02000222,Z100584
Holly,Howells,US,E02000965,Z100585
Henry,Marsh,Poland,E02000005,Z100586
Grace,Riley,US,E02000370,Z100587
Charlotte,Pritchard,Germany,E02000645,Z100588
David,Mclean,UK,E02000381,Z100589
Jayden,Davies,UK,E02000269,Z100590
Jessica,Stephenson,Spain,E02006786,Z100591
Jacob,Carter,UK,E02000083,Z100592
Jasper,Joyce,Canada,E02000739,Z100593
Ivy,Bevan,UK,E02000396,Z100594
Harry,Miles,Spain,E02000452,Z100595
Gabriel,Elliott,UK,E02000217,Z100596
Charlotte,Reid,US,E02000865,Z100597
Arthur,Knight,Canada,E02000910,Z100598
Michael,Kelly,UK,E02000072,Z100599
Oliver,Herbert,Portugal,E02000311,Z100600
Hugo,Martin,US,E02000065,Z100601
Eliza,Robertson,Portugal,E02000301,Z100602
Bella,Wilkinson,Portugal,E02000473,Z100603
Jacob,Fleming,India,E02000529,Z100604
Leon,Porter,Spain,E02000438,Z100605
Frederick,Smith,UK,E02000905,Z100606
Ruby,Roberts,Portugal,E02000460,Z100607
Phoebe,Robinson,UK,E02000401,Z100608
Freddie,Faulkner,US,E02000346,Z100609
Charlie,Kirby,UK,E02000207,Z100610
Edward,Jones,UK,E02000337,Z100611
Harvey,Bartlett,Italy,E02000897,Z100612
Emily,Roberts,Portugal,E02000668,Z100613
Jack,Wright,Portugal,E02000549,Z100614
Jude,Coleman,UK,E02000411,Z100615
Elsie,Martin,Portugal,E02000874,Z100616
Olivia,Rees,Portugal,E02000914,Z100617
Muhammad,Martin,UK,E02000247,Z100618
Ronnie,Foster,Portugal,E02000009,Z100619
Maryam,Griffiths,Portugal,E02006794,Z100620
Poppy,Wright,Poland,E02000495,Z100621
Arlo,Clark,Portugal,E02000769,Z100622
Isabella,Hancock,Canada,E02000173,Z100623
Grace,Tucker,Portugal,E02000547,Z100624
Leo,Jones,Portugal,E02000531,Z100625
Sofia,Winter,Poland,E02000722,Z100626
Thomas,Graham,China,E02000751,Z100627
Lilly,Nelson,Poland,E02000055,Z100628
Rose,Winter,Germany,E02000901,Z100629
George,Porter,UK,E02000854,Z100630
Bella,Mason,Portugal,E02000520,Z100631
Oscar,Hall,Portugal,E02000523,Z100632
Grace,Stevens,Portugal,E02000038,Z100633
Muhammad,Walker,India,E02006918,Z100634
Harriet,Davies,Spain,E02000035,Z100635
Olivia,Evans,India,E02000845,Z100636
Jasmine,Bradley,UK,E02000623,Z100637
Oscar,Webb,Spain,E02000915,Z100638
James,Whittaker,Portugal,E02000810,Z100639
Maya,Mann,Portugal,E02000872,Z100640
Jude,Richardson,Poland,E02000548,Z100641
William,Moss,China,E02000127,Z100642
Eva,Hardy,Spain,E02000544,Z100643
Jack,Parkinson,Spain,E02000622,Z100644
Elliott,Robinson,Canada,E02000891,Z100645
Anna,Bull,US,E02000154,Z100646
Freddie,Foster,Portugal,E02000622,Z100647
Ava,Bradshaw,US,E02000012,Z100648
Harrison,Simpson,US,E02000334,Z100649
Harley,Miller,Spain,E02000701,Z100650
Samuel,Roberts,UK,E02000646,Z100651
Mohammad,Barton,UK,E02000095,Z100652
Charlie,Henry,Portugal,E02000491,Z100653
Evelyn,Wilson,Canada,E02000768,Z100654
Thomas,Scott,Germany,E02000903,Z100655
Erin,Butler,Portugal,E02000009,Z100656
Freya,Elliott,US,E02000028,Z100657
Chloe,Quinn,Spain,E02000247,Z100658
Bella,Mahmood,Canada,E02000282,Z100659
Florence,Turner,UK,E02000731,Z100660
Lucas,Burgess,Germany,E02000036,Z100661
Zoe,Taylor,Portugal,E02000035,Z100662
Logan,Francis,Poland,E02000978,Z100663
James,Murphy,Poland,E02000725,Z100664
Arthur,Rees,Spain,E02000848,Z100665
Tommy,Harper,Portugal,E02000702,Z100666
Joseph,Turner,UK,E02000511,Z100667
Jacob,Smith,UK,E02000339,Z100668
Eleanor,Mitchell,Portugal,E02000217,Z100669
Mohammad,Ali,US,E02000337,Z100670
Harriet,Banks,Portugal,E02000495,Z100671
Molly,Cox,Portugal,E02000240,Z100672
Chloe,Wallis,Spain,E02000389,Z100673
Amelia,Shaw,India,E02000470,Z100674
Victoria,Moore,China,E02000132,Z100675
Ethan,Anderson,Canada,E02000894,Z100676
Felicity,Williams,US,E02000158,Z100677
George,Pearce,Canada,E02000120,Z100678
Theo,Baker,Portugal,E02000626,Z100679
Muhammad,Wilkinson,UK,E02000717,Z100680
Noah,Middleton,UK,E02000780,Z100681
Sophia,Stevens,Portugal,E02000400,Z100682
Arlo,Johnson,US,E02000777,Z100683
Dylan,Brown,Portugal,E02000308,Z100684
Logan,Jones,Germany,E02000541,Z100685
Charlie,Lynch,UK,E02000326,Z100686
Olivia,Morris,US,E02000174,Z100687
Oliver,Potter,US,E02000705,Z100688
Olivia,Hardy,Portugal,E02000622,Z100689
George,Parker,Portugal,E02000914,Z100690
Amelia,Spencer,Portugal,E02000686,Z100691
Ava,Hope,Portugal,E02000738,Z100692
Noah,Shaw,US,E02000347,Z100693
Hannah,Davey,Portugal,E02000249,Z100694
David,North,Canada,E02000396,Z100695
Jacob,Lyons,US,E02006925,Z100696
Zoe,Taylor,Portugal,E02000549,Z100697
Lily,Edwards,UK,E02000104,Z100698
Rory,Fisher,Germany,E02000396,Z100699
Jude,Murphy,UK,E02000529,Z100700
Hugo,Schofield,Germany,E02000816,Z100701
Frederick,Cook,India,E02000574,Z100702
Jacob,Rose,UK,E02000230,Z100703
Ethan,Reynolds,Poland,E02006918,Z100704
Mia,Oliver,Portugal,E02000014,Z100705
Olivia,Fletcher,Canada,E02000890,Z100706
Mia,Holden,Germany,E02000910,Z100707
Alice,Jones,US,E02000181,Z100708
Henry,Collins,UK,E02000568,Z100709
Henry,Foster,Germany,E02000067,Z100710
Lily,Bailey,Poland,E02000135,Z100711
Blake,Marsden,India,E02000537,Z100712
George,Dickinson,Canada,E02000018,Z100713
Finley,Foster,Poland,E02000918,Z100714
Rosie,Jones,Poland,E02000941,Z100715
Felicity,Butler,Poland,E02000674,Z100716
Freya,Dodd,Portugal,E02000356,Z100717
Eleanor,Walker,Portugal,E02000223,Z100718
Isaac,Godfrey,UK,E02000750,Z100719
James,Smith,Spain,E02000908,Z100720
Freddie,Bentley,Canada,E02000859,Z100721
Samuel,Yates,Germany,E02000541,Z100722
Alexander,Doyle,Canada,E02000377,Z100723
Amelia,Poole,India,E02000883,Z100724
Jayden,Taylor,UK,E02000029,Z100725
Felicity,Bartlett,US,E02000008,Z100726
Riley,Wilson,Poland,E02000551,Z100727
Florence,Jones,Portugal,E02000752,Z100728
Caleb,Farrell,Canada,E02000530,Z100729
Sofia,Wright,Spain,E02000023,Z100730
Arlo,Hussain,UK,E02000660,Z100731
Elsie,Law,Portugal,E02000065,Z100732
Zachary,Pollard,India,E02000687,Z100733
Ava,O'sullivan,India,E02000739,Z100734
Elizabeth,Williams,Portugal,E02000012,Z100735
Oscar,Barton,UK,E02000104,Z100736
Isabelle,Smith,Canada,E02000788,Z100737
Scarlett,Hart,Portugal,E02000717,Z100738
Lucy,Johnson,China,E02000549,Z100739
Scarlett,Yates,Portugal,E02000471,Z100740
Poppy,Gibson,Portugal,E02000888,Z100741
Isaac,Vaughan,Spain,E02000580,Z100742
Evie,Moore,UK,E02006799,Z100743
Alexander,Taylor,Spain,E02000748,Z100744
Lydia,O'sullivan,Portugal,E02000444,Z100745
Darcy,Evans,Poland,E02000318,Z100746
Muhammad,Smith,Canada,E02000364,Z100747
Oliver,Howe,UK,E02000834,Z100748
Ella,Rogers,UK,E02000056,Z100749
Reuben,Curtis,Portugal,E02000014,Z100750
Muhammad,Morgan,US,E02006927,Z100751
Ruby,Edwards,UK,E02000698,Z100752
Joseph,Daly,US,E02000001,Z100753
Amber,Wheeler,Germany,E02000058,Z100754
Isabella,Wilkinson,Portugal,E02000504,Z100755
Oliver,Shepherd,Poland,E02000710,Z100756
Phoebe,Robinson,UK,E02000836,Z100757
Emily,Bailey,Italy,E02000046,Z100758
Isabella,Burton,Canada,E02000502,Z100759
Aria,Parsons,UK,E02000121,Z100760
Sophia,Edwards,Portugal,E02000848,Z100761
Thea,Lowe,UK,E02000978,Z100762
Chloe,Burton,Portugal,E02000651,Z100763
Thomas,Williams,Germany,E02000315,Z100764
Evelyn,White,Portugal,E02000171,Z100765
Eleanor,Wilson,Poland,E02000210,Z100766
Grace,Payne,Spain,E02000411,Z100767
Jenson,Jones,Portugal,E02000366,Z100768
George,Hammond,Germany,E02000828,Z100769
Rory,Allan,Germany,E02000806,Z100770
Ivy,Evans,Portugal,E02000437,Z100771
Daniel,King,UK,E02000397,Z100772
Jasmine,West,US,E02000923,Z100773
Oliver,Taylor,UK,E02000368,Z100774
Joseph,Dunn,Spain,E02000125,Z100775
Sophie,Wood,Canada,E02000843,Z100776
Aisha,Baker,US,E02000225,Z100777
Lydia,Lloyd,Canada,E02000320,Z100778
Finley,Chadwick,Portugal,E02000096,Z100779
Jack,Parry,Portugal,E02000825,Z100780
Liam,Macdonald,US,E02006796,Z100781
Megan,Kelly,Portugal,E02000942,Z100782
Blake,Harrison,Canada,E02000200,Z100783
Penelope,Webb,Portugal,E02000071,Z100784
Erin,Davies,Canada,E02000188,Z100785
Darcey,Hughes,UK,E02006927,Z100786
Louis,Hill,UK,E02000870,Z100787
Amelie,Fisher,Germany,E02000787,Z100788
Liam,Morgan,Portugal,E02000756,Z100789
Jake,Birch,Portugal,E02000704,Z100790
Arthur,Watkins,UK,E02000340,Z100791
Amber,Parry,UK,E02000049,Z100792
Isabella,O'brien,Canada,E02000098,Z100793
Ava,Sutton,Germany,E02000064,Z100794
Archie,Moss,US,E02000020,Z100795
Daisy,Williams,Portugal,E02000059,Z100796
Aria,Howell,Germany,E02000541,Z100797
Elsie,Lynch,US,E02000483,Z100798
Ellie,Ali,US,E02000255,Z100799
Eva,Francis,Canada,E02000837,Z100800
Daisy,Hill,Portugal,E02000509,Z100801
Isabelle,Smith,Italy,E02000307,Z100802
Jackson,Smith,Spain,E02000137,Z100803
Sofia,Dixon,UK,E02000394,Z100804
Jude,Williamson,Portugal,E02000278,Z100805
Louis,Patel,Portugal,E02000541,Z100806
Jasmine,Morgan,Germany,E02000409,Z100807
Millie,Sharp,Portugal,E02000037,Z100808
Sophia,Benson,US,E02000063,Z100809
Hannah,Ross,Spain,E02000139,Z100810
Sofia,Harris,Portugal,E02000431,Z100811
Jake,Bennett,Poland,E02000555,Z100812
Jude,Davies,India,E02000791,Z100813
Jacob,Kirk,Canada,E02000253,Z100814
Summer,Faulkner,UK,E02000445,Z100815
Leo,Sykes,Spain,E02000389,Z100816
Alexander,Ali,UK,E02000326,Z100817
Reuben,Harding,Spain,E02000148,Z100818
Ronnie,Clarke,Portugal,E02000339,Z100819
Emily,Perry,Poland,E02000132,Z100820
Hannah,Herbert,US,E02000634,Z100821
Isabella,Thomas,Poland,E02000326,Z100822
Sebastian,Hewitt,Spain,E02000375,Z100823
Finley,Thorpe,Poland,E02000560,Z100824
Charlotte,Hughes,US,E02000080,Z100825
Emilia,Warren,UK,E02000733,Z100826
Lucas,Khan,US,E02000402,Z100827
Sophie,Gordon,Canada,E02000315,Z100828
Oliver,Nolan,Portugal,E02000864,Z100829
Maya,Davies,US,E02000570,Z100830
Scarlett,Green,UK,E02000024,Z100831
Amelia,Griffiths,India,E02000915,Z100832
Felicity,Rahman,Canada,E02000551,Z100833
Edward,Jenkins,Poland,E02000445,Z100834
Anna,Griffin,Portugal,E02000042,Z100835
Jude,Morley,UK,E02000114,Z100836
Daisy,Webb,Spain,E02000706,Z100837
Arabella,Chapman,US,E02000388,Z100838
Emily,Scott,Canada,E02000172,Z100839
Jayden,Reeves,Canada,E02000871,Z100840
Lucas,Tyler,Portugal,E02000231,Z100841
Elliot,Watson,Portugal,E02000276,Z100842
Olivia,Edwards,Spain,E02000584,Z100843
Charlotte,Hopkins,Portugal,E02000368,Z100844
Isabelle,Allen,UK,E02000204,Z100845
Ava,Howard,US,E02000356,Z100846
Olivia,Ali,Poland,E02000140,Z100847
Chloe,Butcher,UK,E02000301,Z100848
Harper,Patel,Poland,E02000301,Z100849
Sophia,Harrison,UK,E02000933,Z100850
Lottie,Morgan,Spain,E02000130,Z100851
Theodore,Talbot,UK,E02000332,Z100852
Emma,Leonard,US,E02000020,Z100853
Rose,Collins,Poland,E02000812,Z100854
Hannah,Hart,India,E02000517,Z100855
Oliver,Reid,Spain,E02000371,Z100856
Zachary,Forster,Portugal,E02000468,Z100857
Millie,Gibson,Portugal,E02000510,Z100858
Amber,O'donnell,Canada,E02000801,Z100859
Mohammed,Williams,US,E02000541,Z100860
Felicity,Thornton,Germany,E02000420,Z100861
Joshua,Jones,Canada,E02000733,Z100862
Liam,Roberts,Portugal,E02000535,Z100863
Jack,Spencer,UK,E02000363,Z100864
Summer,French,Poland,E02000355,Z100865
Adam,Hussain,UK,E02000926,Z100866
Matilda,West,Portugal,E02000930,Z100867
Alice,White,Portugal,E02000781,Z100868
Mia,Chambers,US,E02000537,Z100869
Elsie,Quinn,Portugal,E02000327,Z100870
Finley,Thomas,UK,E02006931,Z100871
Archie,Potter,Spain,E02000584,Z100872
Joseph,Thomas,US,E02000725,Z100873
Freddie,Smith,Poland,E02000745,Z100874
Joseph,Turner,Portugal,E02000887,Z100875
Darcey,Taylor,US,E02000106,Z100876
Alexander,Moore,Canada,E02000647,Z100877
Muhammad,Walsh,China,E02000315,Z100878
Evie,Walker,Portugal,E02000298,Z100879
Rose,Griffin,UK,E02000420,Z100880
Evelyn,Wilson,Germany,E02000213,Z100881
Emily,Brown,US,E02000027,Z100882
Amelia,Watson,UK,E02000080,Z100883
Archie,Bond,Portugal,E02000179,Z100884
Olivia,Harrison,Spain,E02000903,Z100885
Alice,Singh,Portugal,E02006854,Z100886
Ava,Williams,UK,E02000807,Z100887
James,Smith,US,E02000257,Z100888
Joseph,Martin,Portugal,E02000747,Z100889
Isaac,Fry,Portugal,E02000459,Z100890
Amelia,Day,Spain,E02000826,Z100891
Noah,Benson,Portugal,E02000270,Z100892
Ivy,Scott,Portugal,E02000697,Z100893
Alfie,Williams,Poland,E02000891,Z100894
Sienna,Goodwin,US,E02000631,Z100895
Sophia,Smith,Portugal,E02000834,Z100896
Oliver,Wood,Germany,E02000199,Z100897
Albert,Hart,Poland,E02000871,Z100898
Mohammad,Johnson,US,E02000020,Z100899
Layla,Davidson,US,E02000194,Z100900
Oliver,Hunter,US,E02000795,Z100901
Erin,Taylor,Poland,E02000723,Z100902
Theodore,Norris,Germany,E02000742,Z100903
Emily,Baxter,Portugal,E02000180,Z100904
William,Oliver,Portugal,E02000134,Z100905
Oscar,Spencer,UK,E02000379,Z100906
Mia,Whitehouse,UK,E02000305,Z100907
Alice,Palmer,China,E02000276,Z100908
Ava,White,Portugal,E02000908,Z100909
Grace,Simmons,Portugal,E02000553,Z100910
Jessica,Foster,Spain,E02000125,Z100911
Daisy,Walker,UK,E02000117,Z100912
Isabelle,Burrows,UK,E02000452,Z100913
Alfie,Green,India,E02000714,Z100914
Willow,Newman,UK,E02000679,Z100915
Lola,Begum,Portugal,E02000201,Z100916
Amelia,Thomas,Portugal,E02000167,Z100917
Rosie,Stephens,UK,E02000183,Z100918
Jesse,Cook,UK,E02000414,Z100919
James,Bond,Portugal,E02000494,Z100920
Molly,Weston,Portugal,E02000780,Z100921
Ruby,Payne,UK,E02000780,Z100922
James,Jenkins,UK,E02000606,Z100923
Benjamin,Pearson,US,E02000918,Z100924
Zara,Barlow,Spain,E02000668,Z100925
Rosie,Ross,Portugal,E02006918,Z100926
Teddy,Harris,UK,E02000298,Z100927
Lily,Baker,UK,E02000593,Z100928
Phoebe,Middleton,Portugal,E02000798,Z100929
Emily,Lewis,Canada,E02000573,Z100930
James,Carroll,Canada,E02000413,Z100931
Felicity,Collins,UK,E02000599,Z100932
Isabella,Brown,UK,E02000352,Z100933
Isabelle,Hancock,US,E02000474,Z100934
Martha,Richards,UK,E02000561,Z100935
Nathan,Taylor,Germany,E02000921,Z100936
Daniel,Jordan,Portugal,E02000911,Z100937
Arabella,Smith,US,E02000516,Z100938
Abigail,Long,UK,E02000528,Z100939
Nathan,Howe,China,E02000154,Z100940
Francesca,Wilson,Portugal,E02000521,Z100941
Oscar,Hudson,Portugal,E02000106,Z100942
Henry,Brown,Poland,E02000202,Z100943
Riley,Vaughan,UK,E02000461,Z100944
Leo,Martin,India,E02000744,Z100945
Frederick,Robinson,India,E02000894,Z100946
Theo,Fuller,Portugal,E02000224,Z100947
Archie,Hughes,US,E02000052,Z100948
Willow,Watson,US,E02000304,Z100949
Ronnie,Thomas,US,E02000652,Z100950
Jasper,Wall,UK,E02000670,Z100951
Lydia,Dunn,UK,E02000496,Z100952
Alexander,Bailey,Italy,E02000709,Z100953
Emily,Clarke,US,E02000103,Z100954
Amelia,Barrett,Canada,E02000745,Z100955
Isaac,Buckley,Portugal,E02000731,Z100956
Ella,Smith,Portugal,E02000897,Z100957
Charlotte,Jones,Spain,E02000803,Z100958
Joshua,Hardy,UK,E02000279,Z100959
Oscar,Kelly,Canada,E02000615,Z100960
Adam,Carter,US,E02000198,Z100961
Max,Stevenson,Spain,E02000626,Z100962
Emily,Spencer,Portugal,E02000258,Z100963
Jasmine,Hughes,Portugal,E02000854,Z100964
Harry,Mason,Portugal,E02000683,Z100965
Daisy,Murphy,Portugal,E02000200,Z100966
Sarah,Brooks,Portugal,E02000379,Z100967
Jude,Morgan,US,E02000474,Z100968
Oscar,Reed,Portugal,E02000422,Z100969
William,Carr,Italy,E02000105,Z100970
Elliot,Jackson,Germany,E02000490,Z100971
Michael,Goodwin,Germany,E02000620,Z100972
George,Sheppard,UK,E02000033,Z100973
Archie,Atkinson,Germany,E02000395,Z100974
Lucas,Morton,Canada,E02000181,Z100975
Violet,Price,US,E02000969,Z100976
Daniel,Kirby,Spain,E02000979,Z100977
Maisie,Mason,US,E02000781,Z100978
Mohammed,Harrison,Germany,E02000345,Z100979
Jessica,Finch,US,E02000558,Z100980
Leon,Pritchard,Portugal,E02000548,Z100981
Imogen,Taylor,UK,E02000973,Z100982
Lily,Jones,Portugal,E02000904,Z100983
Lilly,Jackson,Canada,E02000966,Z100984
Isabella,Johnson,Portugal,E02000208,Z100985
Henry,Morris,Portugal,E02000614,Z100986
Caleb,Harris,UK,E02000779,Z100987
Mia,Lambert,Spain,E02000093,Z100988
Sofia,Akhtar,Portugal,E02000242,Z100989
Harriet,Allan,Spain,E02000176,Z100990
Amelia,Rowley,US,E02000215,Z100991
Riley,Patel,Spain,E02000427,Z100992
Riley,Poole,Portugal,E02000836,Z100993
Muhammad,Watts,US,E02000835,Z100994
Bella,Morris,US,E02000551,Z100995
Poppy,Scott,Germany,E02000577,Z100996
Julia,Lee,Spain,E02000641,Z100997
Thomas,Hawkins,US,E02000211,Z100998
Daisy,Chapman,UK,E02000178,Z100999
Alexander,Lane,Canada,E02000802,Z101000
